primary_type,name,address,city,neighborhood,lat,lng,phone,website,rating,total_reviews,price_level
establishment,The American School of Asuncion,"Augusto Roa Bastos Esquina, Asunción 1760, Paraguay",Asunción,,-25.2845278,-57.5802543,(021) 236 4000,http://www.asa.edu.py/,0.0,0,
establishment,St. Anne's School / Colegio Santa Anna,"PCRW+23J, Manuel P Gonzalez, Asunción 001522, Paraguay",Asunción,,-25.259923,-57.5548595,(021) 295 649,https://sas-teach.com/sas.edu.py24/,0.0,0,
establishment,Colegio Técnico Cerro Corá,"PCV8+2XW, Avenida, Asunción 001519, Paraguay",Asunción,,-25.2573843,-57.58253329999999,(021) 282 170,http://www.mec.gov.py/,4.4,25,
establishment,Asunción Christian Academy,"Santisimo Sacramento 1181, Asunción 001534, Paraguay",Asunción,,-25.2787466,-57.58664100000001,(021) 338 1009,http://www.aca.edu.py/,4.4,25,
establishment,Colegio Técnico Nacional de Asunción,"R.I. 3 Corrales c/ Dr. Hassler, Campos Cervera, Asunción 001416, Paraguay",Asunción,,-25.300953,-57.57130900000001,(021) 608 663,,4.7,338,
establishment,Colegio de la Asunción,"MFJ9+Q3X, Fernando de la Mora 110310, Paraguay",Fernando de la Mora,Fernando Zona Norte,-25.3180198,-57.53225279999999,(021) 680 913,http://cas.edu.py/,4.7,124,
establishment,Colegio Goethe,"esquina, Cnel. Alejo Silva & Tte. 1º Carlos Rocholl, Asunción 001402, Paraguay",Asunción,,-25.2834081,-57.5561818,(021) 662 546,http://www.goethe.edu.py,0.0,0,
establishment,The CCPA School,"Vicente Flores, Asunción 001525, Paraguay",Asunción,,-25.2699279,-57.56220689999999,(021) 615 160,http://www.ccpaschool.edu.py/,0.0,0,
establishment,Educational Center San Ignacio de Loyola,"Av. Venezuela esq, Asunción 001534, Paraguay",Asunción,,-25.267025,-57.5918332,0972 295870,http://www.sil.edu.py/,0.0,0,
establishment,Deutsche Schule Concordia,"Prof. César Samaniego casi, Asunción 001534, Paraguay",Asunción,,-25.2722381,-57.5879596,(021) 291 370,https://www.concordia.edu.py/,0.0,0,
establishment,Colegio Las Almenas,"001412, Manuel del Castillo 682, Asunción 001412, Paraguay",Asunción,,-25.2961945,-57.58721929999999,(021) 604 055,http://lasalmenas.edu.py/,0.0,0,
establishment,Technical College Javier,"Itapua 148, Asunción 001531, Paraguay",Asunción,,-25.2650988,-57.5815206,(021) 296 187,http://www.ctj.edu.py/,0.0,0,
establishment,Lumen School,"PCPH+W8Q, Congreso de Colombia, Asunción 001521, Paraguay",Asunción,,-25.2626595,-57.5716484,(021) 283 483,http://colegiolumen.edu.py/,0.0,0,
establishment,Albert Einstein School,"Olegario Víctor Andrade, Asunción 001407, Paraguay",Asunción,,-25.3001627,-57.56167730000001,(021) 613 781,http://www.aes.edu.py/,4.1,22,
establishment,Escuela Nacional de Comercio N°1 Alfonso B. Campos,"Sicilia 249 &, Chile y, Asunción 001102, Paraguay",Asunción,,-25.2929227,-57.64203879999999,0971 759988,,4.6,77,
establishment,CDI COLEGIO,"Asunción 001202, Paraguay",Asunción,,-25.2664792,-57.6015969,,https://cdi.org.py/,4.9,50,
establishment,Colegio Aula Viva,"Santisimo Sacramento 1345, Asunción 001534, Paraguay",Asunción,,-25.2759414,-57.5857484,0982 429050,https://aulaviva.edu.py/,0.0,0,
establishment,TEIJ,"PCVG+556, Juana Pabla Carrillo de López, Asunción 001519, Paraguay",Asunción,,-25.2570875,-57.57459849999999,0981 292124,https://instagram.com/escuela_teij?igshid=MzRlODBiNWFlZA==,4.7,19,
establishment,Colegio Internacional,"P96M+5PM, Rio De Janeiro, Asunción 001209, Paraguay",Asunción,,-25.2895378,-57.6157098,(021) 200 675,https://inter.edu.py/,0.0,0,
establishment,Colegio Privado del Sol,"MCWQ+G2P, Dr. Justo Prieto 260, Asunción 001417, Paraguay",Asunción,,-25.3045079,-57.5630237,(021) 512 617,https://www.colegiodelsol.edu.py/,0.0,0,
establishment,"""Doña Francisca Eloisa Duarte"" Primary School N°962","PCPM+GRV, Asunción 001521, Paraguay",Asunción,,-25.2636322,-57.56545120000001,(021) 291 399,,0.0,0,
establishment,Escuela Basica Nro. 19 Rca. Oriental Del Uruguay,"PCR9+PF7, Avenida, Asunción 001519, Paraguay",Asunción,,-25.2582189,-57.58133970000001,(021) 290 345,,0.0,0,
establishment,Escuela Básica. N° 7269 Padre José María Vélaz de Fe y Alegría,"PCX9+RPV, Av. Primer Presidente, Asunción 001512, Paraguay",Asunción,,-25.2503751,-57.58068839999999,0986 804338,https://www.feyalegria.org/paraguay/escuela-padre-jose-maria-velaz/,0.0,0,
establishment,Esc. Básica N°434 Juan Eudoro Cáceres,"Epifanio Mendez Fleitas esq, Asunción 001428, Paraguay",Asunción,,-25.3200098,-57.57525520000001,0985 242454,,0.0,0,
establishment,Roberto Schaerer,"Bruselas 1767, Asunción 001410, Paraguay",Asunción,,-25.2872461,-57.5700198,0991 870225,,0.0,0,
establishment,School First President,"Escuela No 661 ler Presidente, Asunción 001525, Paraguay",Asunción,,-25.2683765,-57.55711770000001,(021) 282 083,,0.0,0,
establishment,파라과이한국학교(Colegio Coreano del Paraguay),"Padre Juan N. Casanello esq, Asunción 001238, Paraguay",Asunción,,-25.3095797,-57.6299528,(021) 310 052,https://pycolegiocoreano.net/,0.0,0,
establishment,ESCUELA BÁSICA N°4865 CENTRO EDUCATIVO CAMPO VERDE,"Samuhu Nº 4865Campoverde, Asunción 001426, Paraguay",Asunción,,-25.320845,-57.583251,(021) 522 001,http://www.schooloftomorrow.org.py/,4.5,34,
establishment,CEPPE Centro De Enseñanza Primaria Y Preescolar,"Herminio Giménez esq, Asunción 001228, Paraguay",Asunción,,-25.3017701,-57.60744889999999,0986 789547,,0.0,0,
establishment,Escuela Basica Santa Sofia,"P97H+VX2, Av. España 457, Asunción 001217, Paraguay",Asunción,,-25.2852778,-57.62,(021) 225 035,,0.0,0,
establishment,Basic School No.9 Adela Speratti,"Av. España 1566, Asunción 001208, Paraguay",Asunción,,-25.2884427,-57.60787409999999,(021) 204 713,,0.0,0,
establishment,National school Dr. Juan Manuel Frutos,"Estados Unidos e/ Tatajyba &, Aca Yuasa, Asunción 001106, Paraguay",Asunción,,-25.3063946,-57.6402057,(021) 372 395,https://www.facebook.com/juanmanuel.frutos.33,0.0,0,
establishment,Colegio Campoalto,"Las Perlas 4686, Asunción 001412, Paraguay",Asunción,,-25.300194,-57.587836,(021) 608 587,http://www.campoalto.edu.py/,0.0,0,
establishment,Colegio Nacional Pdte Dr José Patricio Guggiari,"PCFM+56H, Asunción 001527, Paraguay",Asunción,,-25.2770654,-57.56689189999999,(021) 606 075,,0.0,0,
establishment,National School of Commerce no. 2,"y, Cerro Corá &, Gral. Elizardo Aquino, Asunción 001225, Paraguay",Asunción,,-25.2940791,-57.6172545,(021) 223 195,https://facebook.com/encn2/,3.8,17,
establishment,Higher Education Center María Serrana,"QF43+C62, Carlos Antonio López, Asunción 2050, Paraguay",Asunción,,-25.2439972,-57.5469872,(021) 297 113,http://www.serrana.edu.py/v2/,0.0,0,
establishment,Alpha College Paraguay,"Av Gral Máximo Santos, Asunción 001310, Paraguay",Asunción,,-25.3247186,-57.623999,0974 854386,http://www.alphacollege.edu.py/,4.1,133,
establishment,Colegio Dr. Jose Gaspar Rodriguez de Francia,"Dr. Gaspar Rodriguez de Francia, Oliva, Asunción 001011, Paraguay",Asunción,,-25.2782675,-57.6444285,(021) 493 614,http://colegionacionaldrfrancia.blogspot.com/,0.0,0,
establishment,Catholic Apostolic College San Jose,"MCGH+GR3, Av. Defensores del Chaco, Asunción 001428, Paraguay",Asunción,,-25.3256027,-57.567942,0971 324002,https://www.facebook.com/casjmedia/?locale=es_LA,0.0,0,
establishment,Virgin of Nazareth College,"Dr. Víctor Riquelme, Asunción 001423, Paraguay",Asunción,,-25.3203098,-57.59796060000001,(021) 552 524,,0.0,0,
establishment,Colegio Nac. E.M.D. Dr. Eduardo Alvarin Romero,"Colegio Publico Albarin Romero, Alberto De Sousa, Asunción 001413, Paraguay",Asunción,,-25.2998535,-57.58395969999999,(021) 605 601,,0.0,0,
establishment,Sister Eusebia Palomino Private school,"M9GH+P4R, Tte. 1ro. Brugada Doldán, Asunción 001310, Paraguay",Asunción,,-25.3231296,-57.6222427,(021) 332 092,https://palomino.edu.py/,0.0,0,
establishment,Divine Word College,"M9QV+462, Asunción 001234, Paraguay",Asunción,,-25.3122327,-57.60697469999999,(021) 551 446,,4.6,75,
establishment,Autonomous University of Asuncion,"Jejuí 667, Asunción 001013, Paraguay",Asunción,,-25.2873398,-57.6431273,(021) 495 873,http://www.uaa.edu.py/,4.5,549,
establishment,"Universidad Católica ""Nuestra Señora de la Asunción"" Sede Central","Cordillera de Amambay casi, Asunción 001101, Paraguay",Asunción,,-25.2807615,-57.63200129999999,(021) 318 4000,,3.9,283,
establishment,National University of Asuncion,"Campus Universitario, San Lorenzo 111421, Paraguay",San Lorenzo,,-25.3357603,-57.51973979999999,(021) 585 540,https://www.una.py/,4.6,2215,
establishment,Pacific Private University,"O'Higgins esquina, Asunción 1111, Paraguay",Asunción,,-25.2867981,-57.5725747,(021) 615 490,,4.5,396,
establishment,Universidad Central del Paraguay,"Brasilia N° 1.158 e/ Tte. 2° Benigno Villamayor c/ Insaurralde, Asunción 001206, Paraguay",Asunción,,-25.2771806,-57.5994016,0993 456000,https://www.central.edu.py/,4.6,46,
establishment,Columbia University of Paraguay,"Av. España 1239, Asunción 001209, Paraguay",Asunción,,-25.2863006,-57.61175530000001,(021) 219 8000,https://www.columbia.edu.py/,4.5,297,
establishment,Columbia University of Paraguay,"25 de Mayo, Asunción 001101, Paraguay",Asunción,,-25.2859002,-57.6297954,(021) 490 811,https://www.columbia.edu.py/,4.5,174,
establishment,UCSA - Campus Universitario,"Centro Educativo San Agustín, Sgto. José León Gauto, Asunción 001535, Paraguay",Asunción,,-25.2820808,-57.5927993,(021) 221 106,http://www.ucsa.edu.py/,4.3,268,
establishment,Universidad Autónoma del Paraguay,"Colón 658 e/ Gral. Diaz y Eduardo Víctor Haedo, Asunción 001010, Paraguay",Asunción,,-25.2805458,-57.64304909999999,(021) 447 579,http://uap.edu.py/,4.4,183,
establishment,Universidad Metropolitana de Asunción,"Rca. Dominicana 387, Asunción 001208, Paraguay",Asunción,,-25.2900011,-57.6049789,(021) 201 939,http://uma.edu.py/,4.6,149,
establishment,Universidad Católica Nuestra Señora de la Asunción,"M9G7+695, Tte. Lidio Cantalupi, Asunción 001303, Paraguay",Asunción,,-25.3244841,-57.636523,(021) 318 4000,,4.3,503,
establishment,University of the Integration of the Americas,"Av. Venezuela 1353 casi, Asunción 001206, Paraguay",Asunción,,-25.274873,-57.59412,(021) 288 9000,http://www.unida.edu.py/,4.3,400,
establishment,Universidad Americana,"Av. Brasilia 1100, Asunción 1429, Paraguay",Asunción,,-25.278563,-57.59946600000001,(021) 729 4900,https://www.americana.edu.py/,4.2,863,
establishment,Universidad Privada del Este - Sede Asunción,"P9C2+4V5, Guillermo Arias y, Asunción 001010, Paraguay",Asunción,,-25.2798795,-57.6480212,0981 191853,http://www.upeasuncion.edu.py/,4.6,95,
establishment,UNADES,"14 De Mayo 462, Asunción 001015, Paraguay",Asunción,,-25.2930134,-57.6444972,(021) 371 371,http://www.unades.edu.py/,4.6,151,
establishment,UCOM - Universidad Comunera,"Dr. Juan Eulogio Estigarribia, Asunción 001412, Paraguay",Asunción,,-25.2944432,-57.5835683,(021) 338 7000,https://www.ucom.edu.py/,4.4,117,
establishment,Guarani Hispanic University,"Av. República Argentina casi, Asunción 3379, Paraguay",Asunción,,-25.3135169,-57.5881018,(021) 615 951,http://uhg.edu.py/,4.8,76,
establishment,Universidad Maria Auxiliadora,"QF76+5VJ, Asunción 001506, Paraguay",Asunción,,-25.2370319,-57.53787029999999,(021) 296 900,http://www.umax.edu.py/,4.5,341,
establishment,University Sustainable Development - UDS,"Av. Mariscal López 2929 esq, Asunción 1805, Paraguay",Asunción,,-25.2908146,-57.58669429999999,(021) 600 973,http://www.uds.edu.py/,4.7,67,
establishment,Universidad San Ignacio de Loyola - Paraguay,"Av. Venezuela 2087, Asunción 001533, Paraguay",Asunción,,-25.2648633,-57.59362709999999,(021) 282 801,https://www.usil.edu.py/,4.6,63,
establishment,The Library delSol,"Av. Aviadores del Chaco, Asunción 001529, Paraguay",Asunción,,-25.2835719,-57.5655699,0986 110395,https://thelibrary.com.py/,0.0,0,
establishment,National Library of Paraguay,"De la Residenta 820, Asunción 001209, Paraguay",Asunción,,-25.2873644,-57.6165813,,http://bibliotecanacional.gov.py/,4.3,63,
establishment,Roosevelt Public Library,"Av. España 352, Asunción 001218, Paraguay",Asunción,,-25.2851532,-57.6233581,0986 242204,http://www.ccpa.edu.py/biblioteca,4.6,26,
establishment,Biblioteca de Derecho UNA,"PCPJ+F5M, Asunción 001521, Paraguay",Asunción,,-25.2637826,-57.569563,,,4.3,18,
establishment,Biblioparque Parque de la Salud IPS,"Health Park (IPS, Augusto Roa Bastos y, Asunción 8000, Paraguay",Asunción,,-25.2748758,-57.57940809999999,,,5,1,
establishment,Central Archives and Library of Congress,"Cnel. Paulino Alen, Asunción 001013, Paraguay",Asunción,,-25.2773063,-57.6360043,(021) 414 5000,http://www.bacn.gov.py/,4.5,68,
establishment,CCPJ,"PCGM+XQR, Julio Correa, Asunción 001520, Paraguay",Asunción,,-25.2725039,-57.5656208,(021) 607 276,,4.8,4,
establishment,Biblioteca Municipal Augusto Roa Bastos,"Ayolas 129 c, Asunción 001012, Paraguay",Asunción,,-25.2782416,-57.6380843,(021) 442 448,http://cultura.asuncion.gov.py/,4.5,40,
establishment,"Biblioteca Augusto Roa Bastos, Universidad Americana","Av. Brasilia 1100, Asunción 1429, Paraguay",Asunción,,-25.2785419,-57.5995387,,http://www.americana.edu.py/,4.8,5,
book_store,Literato,"PC9M+CC4, Asunción 001527, Paraguay",Asunción,,-25.281477,-57.56641489999999,0982 998882,https://www.instagram.com/literatopy/,4.8,236,
establishment,Fundación Biblioteca Maximilian Freundorfer,"Jose Ocampos Lanzoni, Asunción 001408, Paraguay",Asunción,,-25.2952245,-57.5732639,(021) 623 885,https://www.fbmf.biblio-wxis.info/,5,6,
book_store,Intercontinental library S.A.,"Caballero, Asunción 001101, Paraguay",Asunción,,-25.2837278,-57.63135440000001,0972 231260,http://www.linktr.ee/libreriaintercontinental,4.6,119,
establishment,Biblioteca Callejera N° 5,"Presbítero Marcelino Noutz 847, Asunción 001207, Paraguay",Asunción,,-25.2831699,-57.5965554,0981 818378,,5,3,
book_store,Biblioteca del INAES,"Tupíes, Asunción 001426, Paraguay",Asunción,,-25.3192527,-57.5837817,,,4.4,8,
establishment,Cultural Center of Spain Juan de Salazar,"Herrera 834, Asunción 001219, Paraguay",Asunción,,-25.2887731,-57.6298647,0974 599961,http://cceasuncion.aecid.es/,4.7,1208,
establishment,Centro Cultural Paraguayo Americano - CCPA,"Av. España 352, Asunción 001218, Paraguay",Asunción,,-25.284999,-57.623399,(021) 729 7272,http://www.ccpa.edu.py/,4.5,1737,
establishment,Libreria De La Paz,"Manduvira 677, Asunción 001013, Paraguay",Asunción,,-25.2861543,-57.6422638,(021) 494 965,,4.4,20,
book_store,Books,"Av. Aviadores del Chaco esq, Asunción 001529, Paraguay",Asunción,,-25.2830458,-57.56751999999999,(021) 611 730,https://libreriabooks.com/,4.4,208,
establishment,"Biblioteca ""George E. Wiley Jr""","P95M+WRV, Asunción 001209, Paraguay",Asunción,,-25.2901257,-57.61544319999999,(021) 200 663,,5,2,
establishment,Books - Casa Central,"Av. Mariscal López, Asunción 1923, Paraguay",Asunción,,-25.2919484,-57.6015689,0983 461551,http://booksparaguay.com/,4.6,83,
establishment,Ese Lugar! - Quinta Nauar,"Olegario Víctor Andrade, Asunción 001411, Paraguay",Asunción,,-25.2936509,-57.57652030000001,(021) 604 061,https://www.facebook.com/eselugar,4.6,915,
establishment,Tierra Colorada Gastro,"Av. Santísima Trinidad, Asunción 001525, Paraguay",Asunción,,-25.2733026,-57.55766709999999,(021) 663 335,http://tierracoloradagastro.com/,4.7,2180,3
establishment,Casa Luma,"Tte. Juan A. Rivas 953, Asunción 001525, Paraguay",Asunción,,-25.2725889,-57.5567876,0974 727272,http://wa.link/vvxlq9,4.8,210,
establishment,Taberna Española,"Ayolas 631 c/ General Diaz, Asunción 1234, Paraguay",Asunción,,-25.281724,-57.640662,0981 441199,https://www.facebook.com/Taberna-Espa%C3%B1ola-372462558087/,4.6,1870,2
establishment,Maurice de Talleyrand,"Av. Sta. Teresa, Asunción 001410, Paraguay",Asunción,,-25.284572,-57.5635565,(021) 695 573,http://talleyrand.com.py/maurice-de-talleyrand/,4.7,1814,3
cafe,Bolsi,"Estrella 399 esq, Asunción 001101, Paraguay",Asunción,,-25.282218,-57.63618979999999,0981 293130,https://linktr.ee/elbolsi2,4.6,16435,2
establishment,La Cabrera Santa Teresa,"Av. Sta. Teresa 2795, Asunción 001402, Paraguay",Asunción,,-25.2869412,-57.5569764,0984 505178,https://www.facebook.com/LaCabreraParaguay/,4.7,3887,3
establishment,Cocina Clandestina,"Capitan Pedro Villamayor 581, Asunción 001417, Paraguay",Asunción,,-25.3078647,-57.5618357,0983 286114,https://instagram.com/cocinaclandestina_py,4.6,446,2
establishment,San Pietro Restaurante,"Ave. Dr. Guido Boggiani - Ciclovia 5641, Asunción 001416, Paraguay",Asunción,,-25.2979518,-57.57524050000001,0976 332231,https://www.instagram.com/sanpietroresto,4.6,530,3
establishment,Alba By Casa Luma,"José, Vicente Flores 869, Asunción 001525, Paraguay",Asunción,,-25.2735027,-57.55636689999999,0976 536000,https://instagram.com/albarestaurante_?igshid=YmMyMTA2M2Y=,4.8,137,
cafe,Bar San Miguel,"Av. España 1165, Asunción 001209, Paraguay",Asunción,,-25.2866501,-57.61306929999999,0987 100102,http://barsanmiguel.com.py/,4.6,2994,2
establishment,Churrasquería O Gaúcho,"Esq, Mc Arthur, Dr. Toribio Pacheco 4444, Asunción 001413, Paraguay",Asunción,,-25.2963028,-57.5888511,(021) 608 596,http://www.ogaucho.com.py/,4.7,9211,2
establishment,La Maria Cocina y Carbon del Centro,"Palma entre Montevideo y, Ayolas 278, Asunción 001012, Paraguay",Asunción,,-25.2793348,-57.6397945,0981 781001,http://www.talleyrand.com.py/,4.7,424,
establishment,Bar San Roque,"Asunción 001218, Paraguay",Asunción,,-25.2851792,-57.6280459,(021) 446 015,https://fiweex.com/links/barsanroque?fbclid=PAZnRzaANVBpFleHRuA2FlbQIxMQABp8coENDmspbuma3SpX5xd225Ou6gexGSFq_7sdMmn-XAznDOWvXfTqFUIPL7_aem_dGxIie6rJtpEi9WExVI0-g,4.5,2130,2
establishment,LA CABRERA,"Av. Aviadores del Chaco 1816, Asunción 001529, Paraguay",Asunción,,-25.2835356,-57.56763220000001,0984 739437,,4.6,937,
establishment,Zulu Rooftop,"Avda. Aviadores del Chaco 2050 World Trade Center / Asunción Torre 2 - Piso Azotea, Asunción 001410, Paraguay",Asunción,,-25.2844435,-57.5672976,0974 400500,http://www.zulu.com.py/,4.3,1554,3
establishment,Mercato La Caoba,"San Juan XXlll, Asunción 1749, Paraguay",Asunción,,-25.2820571,-57.5671038,0974 103071,,4.4,681,2
establishment,TORO Restaurante,"Asunción 001520, Paraguay",Asunción,,-25.268441,-57.5656064,0974 240095,https://instagram.com/toro.resto?igshid=YmMyMTA2M2Y=,4.6,358,
establishment,1688 Resto,"Austria 1688, Asunción 001409, Paraguay",Asunción,,-25.2882322,-57.5713104,0981 459750,,4.6,620,2
establishment,Restaurante El Bodegón,"Palma 140, Asunción 001101, Paraguay",Asunción,,-25.282364,-57.63407059999999,(021) 494 240,,4.5,3865,2
cafe,El Café de Acá,"Teniente Héctor Vera 1390, Asunción 001411, Paraguay",Asunción,,-25.2873598,-57.5758957,0973 153040,https://www.instagram.com/elcafedeaca/,4.6,6597,2
cafe,Typica Café Paraguay,"Agustín Pío Barrios 1337, Asunción 001529, Paraguay",Asunción,,-25.2840734,-57.57087329999999,0981 130150,http://www.typica.com.bo/,4.6,78,
cafe,Kaffe'i - Coffee Roasters,"Palma 438, Asunción 001013, Paraguay",Asunción,,-25.2814489,-57.6358775,,http://www.kaffei.com.py/,4.6,412,
cafe,El Cafetero,"Ayala Velazquez 795, Asunción 001204, Paraguay",Asunción,,-25.2836507,-57.60584469999999,0974 844500,https://www.instagram.com/elcafetero.py/,4.6,1118,2
cafe,Mary's Coffee,"Asunción 001411, Paraguay",Asunción,,-25.2877667,-57.5783238,0981 774979,https://www.facebook.com/maryscoffeehouse/,4.6,710,2
cafe,Artesanos Café,"San Roque Gonzalez de Santacruz y, Asunción 001412, Paraguay",Asunción,,-25.2960286,-57.5822394,0984 812120,https://instagram.com/artesanoscafe?utm_medium=copy_link,4.4,517,
cafe,Musa Café,"Juan de Salazar y Espinoza 399 casi, Asunción 001217, Paraguay",Asunción,,-25.2840987,-57.61921079999999,,,4.8,175,
cafe,Anga Café Arte Bar,"El Paraguayo Independiente, Asunción 001012, Paraguay",Asunción,,-25.2775353,-57.6382282,0992 500560,,4.6,483,
cafe,El Café de Acá - Los Laureles,"Alberto De Sousa 5590 casi, Asunción 1420, Paraguay",Asunción,,-25.3018872,-57.5785707,0973 153040,https://www.instagram.com/elcafedeaca/,4.4,1359,
cafe,Coffee Cat,"PCC2+MCP, Asunción 001206, Paraguay",Asunción,,-25.2782529,-57.59892310000001,0982 303053,https://www.instagram.com/coffeecatpy/,4.5,853,
cafe,Almarreina,"Dr. Gerónimo Zubizarreta 589, Asunción 001526, Paraguay",Asunción,,-25.2725516,-57.56330939999999,0981 149936,https://www.facebook.com/almarreina/,4.3,822,2
cafe,Cafe Comporta,"Tte. Genaro Ruíz 675, Asunción 001209, Paraguay",Asunción,,-25.283244,-57.6153472,0994 980005,https://beacons.ai/cafecomporta,4,948,
cafe,El Café de Acá - Barrio Jara (Textilia),"Av Gral Máximo Santos 1030, Asunción 001204, Paraguay",Asunción,,-25.2808309,-57.6083858,0973 153040,https://www.instagram.com/elcafedeaca/,4.5,1168,
cafe,La Herencia Tienda Cafe,"Juan de Salazar y Espinoza 698, Asunción 001209, Paraguay",Asunción,,-25.2851784,-57.6150315,0986 125100,https://m.facebook.com/laherenciapy/,4.5,2476,2
cafe,Café Martínez,"Yegros 307 esq, Asunción 1100, Paraguay",Asunción,,-25.283342,-57.63293729999999,(021) 492 902,http://www.cafemartinez.com/,4.4,1784,2
cafe,Urbano Café,"San Juan XXIII, Asunción 1209, Paraguay",Asunción,,-25.2814665,-57.5664397,0972 811800,https://fiweex.com/links/urbanocafe?fbclid=PAAabpfMakBa-MFrAklpBc7-ThMaCKwuk2b-kVznWnanlh0v00-QirpMpQSc8,4.4,280,
cafe,Café Urbano,"Asunción 001412, Paraguay",Asunción,,-25.2950175,-57.58193009999999,,https://www.instagram.com/urbanocafepy/,4.4,435,
cafe,Café Consulado,"Oleary esquina Local 7, 1210, Palma 299, Asunción 001013, Paraguay",Asunción,,-25.279578,-57.638181,0971 227665,https://www.facebook.com/cafeconsulado/,4.5,1852,2
cafe,Juan Valdez Café Petrobras Santa Teresa,"Av. Sta. Teresa 1890, Asunción 001410, Paraguay",Asunción,,-25.2836695,-57.5630768,0983 106489,http://www.juanvaldezcafe.com.py/,4.2,78,
cafe,La Cafebreria,"Malutin 675, Asunción 001411, Paraguay",Asunción,,-25.2881823,-57.57825140000001,0984 902284,https://m.facebook.com/cafebreriarestopy/,4.5,798,2
bar,Capitão Bar - Asunción,"PC7F+Q7V Paseo Carmelitas, Asunción 001411, Paraguay",Asunción,,-25.2855139,-57.57683050000001,0972 560438,,4.3,2111,3
bar,O'Leary club,"Juan E. O ´ Leary 127, Asunción 1211, Paraguay",Asunción,,-25.278497,-57.637389,0981 757814,,4.2,1070,2
bar,Kilkenny,"PC7C+PXV, Malutin, Asunción 001411, Paraguay",Asunción,,-25.2856379,-57.5775661,(021) 609 688,,4.4,2361,2
bar,La Esquinita Bar,"MCHG+4G7, Tte. Jose Felix Lopez, Asunción 001428, Paraguay",Asunción,,-25.322206,-57.5736916,0986 170242,,4.4,2341,2
bar,Barbara,"San Martín &, Agustín Pío Barrios, Asunción 001529, Paraguay",Asunción,,-25.2842757,-57.5713962,0981 981191,,4.1,414,
bar,Colombo Bar,"Eusebio Lillo Robles, Asunción 001411, Paraguay",Asunción,,-25.287639,-57.5774108,,,4.2,383,2
bar,Charles The Bar,"Charles De Gaulle casi, Asunción 0432, Paraguay",Asunción,,-25.2964552,-57.58138710000001,0981 921737,https://www.instagram.com/charlesthebarpy/,4.4,1851,2
bar,Mosconi Pool Bar,"Av. Aviadores del Chaco, Asunción 001410, Paraguay",Asunción,,-25.2846846,-57.5681929,0981 439596,,4.6,1119,2
bar,KingFish,"Senador Huey Pierce Long 848, Asunción 001411, Paraguay",Asunción,,-25.2861786,-57.57648469999999,0981 765104,https://www.instagram.com/kingfishpy/,3.9,1952,2
bar,Paseo Carmelitas,"Av. España 1272, Asunción 001411, Paraguay",Asunción,,-25.2857475,-57.57729339999999,(021) 608 226,http://www.paseocarmelitas.com.py/,4.5,8176,2
bar,Arsenal Cué,"P988+QJQ, Asunción 001101, Paraguay",Asunción,,-25.2830479,-57.6333935,,https://instagram.com/arsenalcue?utm_source=ig_profile_share&igshid=179thphbs7nxl,4.2,3646,2
bar,Britannia Pub,"Cerro Corá 851, Asunción 001219, Paraguay",Asunción,,-25.2873292,-57.6285528,(021) 443 990,https://instagram.com/britanniapub_py?igshid=YmMyMTA2M2Y=,4.5,4793,2
bar,Pool House,"Senador Huey Pierce Long 750, Asunción 001411, Paraguay",Asunción,,-25.2875351,-57.5767262,0986 220220,,4.3,111,
bar,Palo Santo Brewing Company,"Del Maestro 722, Asunción 001411, Paraguay",Asunción,,-25.2895434,-57.58365609999999,0972 234336,https://palosantobrewingco.com.py/,4.5,2445,3
bar,McCarthy's Irish Pub,"Senador Huey Pierce Long 848, Asunción 001411, Paraguay",Asunción,,-25.2861885,-57.5764114,(021) 609 688,https://instagram.com/mccarthys_paraguay?igshid=938nyokfq0pm,4.4,873,2
bar,Mamba Carmelitas,"Senador Huey Pierce Long, Asunción 1528, Paraguay",Asunción,,-25.2859783,-57.57679019999999,0981 050201,https://fiweex.com/links/mamba,4.2,107,
bar,Sacramento Brewing Co.,"Parque El Taller, Santisimo Sacramento 655, Asunción 1760, Paraguay",Asunción,,-25.2855837,-57.58970710000001,0971 405014,http://www.sacramento.com.py/,4.4,3280,2
art_gallery,Dorsia Cocktail Bar,"Teniente Héctor Vera 1411, Asunción 001411, Paraguay",Asunción,,-25.2872829,-57.5759983,0971 110440,,4.8,157,
bar,Central Bar,"PC7F+28C Ntra. Sra. de la Asunción, Asunción 001411, Paraguay",Asunción,,-25.2874365,-57.5767349,0981 102194,https://www.instagram.com/centralbarpy,4,1117,2
bar,MOLAS 1901 tapas bar,"Av. Dr. Felipe Molas López esq, Asunción 001520, Paraguay",Asunción,,-25.2732295,-57.5699596,0976 562600,https://instagram.com/molas1901,4.3,1655,2
bakery,Dra. Cake,"Av. Gral. José Gervasio Artigas 3679 Casi, Asunción 001517, Paraguay",Asunción,,-25.2580916,-57.58668900000001,0981 999796,https://www.instagram.com/dracakepy,4.8,18,
bakery,Oveja Negra,"Federación Rusa 1194, Asunción 001527, Paraguay",Asunción,,-25.2797396,-57.57291569999999,0983 345745,https://www.instagram.com/ovejanegra_panaderia/,4.8,1048,2
bakery,Karu,"Dr. Guillermo Enciso Velloso 2870, Asunción 001410, Paraguay",Asunción,,-25.2887615,-57.556748,0981 222672,http://www.karu.com.py/,4.5,2264,2
bakery,Mercadito Emporio,"Moisés Bertoni 1039, Asunción 001411, Paraguay",Asunción,,-25.289828,-57.5801484,0994 750800,https://www.instagram.com/mercaditoemporio/,4.5,350,
bakery,Georges Patissier,"Pitiantuta 1246, Asunción 001204, Paraguay",Asunción,,-25.2783169,-57.60660019999999,,,4.7,844,
bakery,Nana Bakery,"Bruselas, Asunción 001410, Paraguay",Asunción,,-25.2881932,-57.56431039999999,,https://linktr.ee/nanabakerypy?fbclid=PAAab73Y56u9qXjfJigdj0PBsK8HSCLDpEJG6aX0xpy-QSrSFSMzBrHruq05k,5,23,
bakery,IH Patisserie,"Av. España 2271, Asunción 001207, Paraguay",Asunción,,-25.2870309,-57.5958232,0984 985176,,4.9,29,
bakery,HELENA LA PASTELERIA,"Guido Spano 3205 esq, Asunción 001405, Paraguay",Asunción,,-25.303282,-57.5584728,0971 987333,http://www.helena.com.py/,4.8,74,
bakery,La Gourmande,"Tte. Blas A. Jiménez 1538, Asunción 001525, Paraguay",Asunción,,-25.266861,-57.5529491,0983 308043,,4.3,232,2
bakery,Robinson Bakeshop,"Teniente Héctor Vera 1443, Asunción 001411, Paraguay",Asunción,,-25.2876612,-57.5746343,0984 222277,https://instagram.com/robinsonbakeshop,4.3,256,
cafe,Panaderia Asuncion,"Asunción 001313, Paraguay",Asunción,,-25.3270272,-57.5981869,(021) 556 027,http://www.instagram.com/panaderia_asuncion,4.6,373,2
bakery,Tea Time Bakery,"Pedro Alcántara 985, Asunción 001528, Paraguay",Asunción,,-25.2749429,-57.57050959999999,0982 826896,,4.2,91,2
establishment,Tía Laura Delicias Carmelitas,"Dr. Manuel Peña 789 entre Augusto Roa Bastos y, Asunción 001528, Paraguay",Asunción,,-25.2747191,-57.5757831,0984 777690,,4.6,322,
bakery,Ña Masa,"Concejal Vargas 1368 casi, Asunción 001409, Paraguay",Asunción,,-25.2924454,-57.5548091,0991 797038,,4.9,79,
bakery,Chaval Recoleta,"Cruz Del Chaco 897 esq, Asunción 1416, Paraguay",Asunción,,-25.3008489,-57.5827196,0976 890359,http://www.instagram.com/chaval.obrador,4.5,313,
bakery,Don Mario Bakery,"M9MR+6V2, Av. Dr. Fernando de la Mora esq, Asunción 001312, Paraguay",Asunción,,-25.3173884,-57.6074771,(021) 550 559,,4.4,3427,2
bakery,La Dolceria,"Roque Gaona 710, Asunción 001411, Paraguay",Asunción,,-25.2885726,-57.5751857,0981 913292,,4.5,84,
establishment,Gonzarolls,"Sub Teniente Marcelino Ayala 2141, Asunción 001531, Paraguay",Asunción,,-25.2679316,-57.5795599,0986 333002,https://instagram.com/gonzarolls?utm_medium=copy_link,4.9,12,
bakery,OFRENDA Pastelería,"R.I. 5 Gral. Díaz 458, Asunción 001416, Paraguay",Asunción,,-25.3031438,-57.56970449999999,0982 573073,,5,32,
bakery,Oveja Negra,"Padre Egidio Cardozo, Asunción 001210, Paraguay",Asunción,,-25.2831041,-57.6124009,0971 778286,,4.7,920,2
establishment,160B - Food Park Mburucuja,"Av. Santísima Trinidad, Asunción 001521, Paraguay",Asunción,,-25.2687493,-57.56437729999999,,https://www.instagram.com/foodparkmburucuya,4.4,87,
establishment,MUME RESTO BAR,"PC7C+PXQ, Malutin, Asunción 001411, Paraguay",Asunción,,-25.2855078,-57.57752310000001,0991 591888,http://linktr.ee/mume.py,4.4,34,
establishment,La Nutry Healthy Food,"Prof. Dr. Francisco Fernández 684, Asunción 001520, Paraguay",Asunción,,-25.2690629,-57.5649524,0981 130133,,4.5,724,
establishment,Lido Bar,"Independencia Nacional esq, Asunción 001101, Paraguay",Asunción,,-25.281595,-57.633188,(021) 446 171,http://www.lidobar.com.py/,4.4,11102,2
establishment,Lomilito's,"Av. Dr. Felipe Molas López, Asunción 001520, Paraguay",Asunción,,-25.2744237,-57.5684961,0991 911153,,4.3,1190,
convenience_store,Shell,"Santisimo Sacramento Y, Asunción 001531, Paraguay",Asunción,,-25.2672176,-57.58267439999999,4175000,https://find.shell.com/py/fuel/10127027-shell-estacion-bahia-s-a-suc-sacramento/es_PY,4.1,328,
establishment,Bar La Esquina,"Gral. Díaz esq, Asunción 001013, Paraguay",Asunción,,-25.2828551,-57.6382201,(021) 492 918,,4.6,2418,1
establishment,Javorai,"América 486, Asunción 001207, Paraguay",Asunción,,-25.2875614,-57.59626340000001,(021) 225 570,,4.6,3572,2
establishment,Lo de Osvaldo - Centro,"Cerro Corá 883, Asunción 001219, Paraguay",Asunción,,-25.2875179,-57.6282478,0982 128140,http://www.lodeosvaldo.com.py/,4.6,1273,
establishment,La Económica,"Montevideo y, Asunción 001012, Paraguay",Asunción,,-25.2862577,-57.6447801,(021) 494 722,,4.6,214,1
establishment,Festa Restaurante,"PCRM+5HG, Av. Primer Presidente, Asunción 001521, Paraguay",Asunción,,-25.2595515,-57.56606069999999,,,3.2,79,
establishment,Hospital Universitario Ntra. Ms. Asuncion,"Eusebio Lilio, Asunción 001409, Paraguay",Asunción,,-25.2926352,-57.56190580000001,(021) 729 0042,http://hospitaluniversitario.edu.py/,3.4,110,
establishment,"Hospital San Jorge, Instituto Nacional de Cardiología ASUNCION","Asunción 001509, Paraguay",Asunción,,-25.2567786,-57.54655839999999,(021) 292 532,,4.2,214,
establishment,Instituto de Previsión Social,"Santisimo Sacramento, Asunción 001531, Paraguay",Asunción,,-25.2714132,-57.58064459999999,(021) 290 136,http://www.ips.gov.py/,3.2,636,
establishment,Institute of Tropical Medicine,"PCC4+RPC, Asunción 001535, Paraguay",Asunción,,-25.2779394,-57.5932261,(021) 292 463,http://www.mspbs.gov.py/imt,4.3,172,
establishment,Hospital del Trauma Prof. Dr. Manuel Giagni,"M9XP+PRP, Av Gral Máximo Santos, Asunción 001227, Paraguay",Asunción,,-25.3006664,-57.61293269999999,(021) 204 800,,3.9,175,
establishment,Hospital San Pablo,"Asunción 001426, Paraguay",Asunción,,-25.3208209,-57.5783017,(021) 500 078,http://mspbs.gov.py/,4,365,
establishment,Hospital Materno Infantil Santisima Trinidad,"Itapua, Asunción 001521, Paraguay",Asunción,,-25.261057,-57.576069,(021) 290 165,https://www.mspbs.gov.py/hospitales-materno-infantil.html,3.5,114,
establishment,Public Hospital Barrio Obrero,"P924+758, Av. Fulgencio Yegros, Asunción 001104, Paraguay",Asunción,,-25.2993306,-57.6445401,(021) 370 099,http://www.mspbs.gov.py/,3.5,218,
establishment,Clinical Hospital of San Lorenzo,"111421, Av. Mariscal López, San Lorenzo 111421, Paraguay",San Lorenzo,,-25.3234821,-57.5227777,(021) 585 730,http://www.med.una.py/,4,287,
establishment,Instituto Nacional de Enfermedades Respiratorias y del Ambiente Juan Max Boettner,"PCG4+2V2, Av. Venezuela, Asunción 001535, Paraguay",Asunción,,-25.2749777,-57.59286170000001,(021) 290 123,,4.4,255,
establishment,La Costa,"Av. Gral. José Gervasio Artigas 1500, Asunción 001202, Paraguay",Asunción,,-25.2729386,-57.6072885,(021) 217 1000,http://www.lacosta.com.py/,4,615,
establishment,Sanatorio Migone,"Eligio Ayala 1293, Asunción 1541, Paraguay",Asunción,,-25.288247,-57.62186000000001,(021) 218 2000,http://www.sanatoriomigone.com.py/,3.5,279,
establishment,Sanatorio Italiano,"Av. España, Asunción 001207, Paraguay",Asunción,,-25.2880058,-57.5976957,(021) 214 260,https://facebook.com/pages/Sanatorio-Italiano/121722121241869,3.7,144,
establishment,Sanatorio Santa Barbara,"Alejandro Ravizza 263, Asunción 001519, Paraguay",Asunción,,-25.2585181,-57.58114680000001,(021) 299 388,,3.8,99,
establishment,Central Hospital,"Don Bosco 745, Asunción 001010, Paraguay",Asunción,,-25.2795969,-57.64574649999999,(021) 440 189,https://disersanfa.mil.py/,4.2,263,
establishment,Ex Hospital de Clinicas,"Tte. Pedro Rodi 2139, Asunción 001010, Paraguay",Asunción,,-25.2798154,-57.65182970000001,(021) 683 930,http://www.med.una.py/index.php/contacto,3.9,51,
establishment,Hospital Materno Infantil Loma Pyta - Asunción,"QF53+QMV, Cap. H. C. Boris Dedoff, Asunción 001507, Paraguay",Asunción,,-25.2414517,-57.5444978,(021) 729 2000,,3.8,71,
establishment,Sanatorio Santa Julia,"Av. Brasilia 1182, Asunción 001206, Paraguay",Asunción,,-25.2763065,-57.5988742,(021) 236 5000,http://www.santajulia.com.py/,3.5,178,
establishment,Hospital Psiquiátrico,"Av. Venezuela 1004, Asunción 001535, Paraguay",Asunción,,-25.2795717,-57.59402850000001,(021) 293 608,https://www.mspbs.gov.py/hpsi,3.7,58,
establishment,Centro Médico Bautista,"Avda. República Argentina y, Campos Cervera 635, Asunción 001416, Paraguay",Asunción,,-25.2993976,-57.578588,(021) 688 9000,http://www.cmb.org.py/,4.1,361,
doctor,Dr. Jorge Jara Yorg,"PCJ9+XG8, Genaro Romero, Asunción 001531, Paraguay",Asunción,,-25.2675872,-57.5811856,0981 976421,,4.8,23,
establishment,Clínica Dr.Valé - Asunción I Consultas médicas y Estudios,"Vice Pdte. Sanchez 491 esquina, Asunción 1535, Paraguay",Asunción,,-25.2956108,-57.6134879,0971 963000,,4,31,
establishment,Consultorio Dr. Vacante,"Av. Dr. Guido Boggiani y, Asunción 001416, Paraguay",Asunción,,-25.3002463,-57.56814349999999,0981 240335,,4.8,33,
establishment,Clínica Dr. Irrazabal,"Genaro Romero 515, Asunción 001531, Paraguay",Asunción,,-25.2708165,-57.5766655,(021) 290 608,,5,7,
establishment,"Dr Carlos Vera Andrada, consultorio","Zanotti Cavazzoni 333, Asunción 001207, Paraguay",Asunción,,-25.2891817,-57.5987934,(021) 205 824,,5,1,
doctor,Clinica IMA,"Dr. Eduardo L. Moreira esquina, Asunción 001413, Paraguay",Asunción,,-25.2985802,-57.5882363,0986 960270,https://www.clinicaima.com.py/,3.8,34,
establishment,Centro Médico Corppolive,"Santisimo Sacramento 3069, Asunción 001519, Paraguay",Asunción,,-25.2553413,-57.5772593,0971 568547,,5,259,
doctor,Consultorio Dr. Alfonso,"Suecia 1437 esq, Asunción 001236, Paraguay",Asunción,,-25.3074828,-57.6162965,0983 505909,,5,8,
doctor,CEINEC- Centro Integral de Neurociencias,"San Rafael 1045, Asunción 001528, Paraguay",Asunción,,-25.2782788,-57.5738052,0986 877177,https://www.ceinec.com.py/,4.9,14,
doctor,Cirujano Vascular Y Flebologo Especialista En Varices- Dr.Canata Paraguay,"Av. Gral. Bernardino Caballero 729, Asunción 1849, Paraguay",Asunción,,-25.2998567,-57.60841619999999,(021) 214 191,https://ecodopplerparaguay.com.py/,3.3,4,
establishment,La Costa Lynch,"MCRW+59W, Victor Heyn, Asunción 001418, Paraguay",Asunción,,-25.309431,-57.55404710000001,(021) 658 3000,http://www.lacostalynch.com.py/,3.5,236,
doctor,Consultorio Dr. Enrique Basili F.,"Avenida España &, PC62+QQG, Zanotti Cavazzoni, Asunción 001207, Paraguay",Asunción,,-25.2880686,-57.59805410000001,(021) 208 662,,5,2,
doctor,Centro Médico Francés,"Av. Eusebio Ayala 4870, Asunción 001427, Paraguay",Asunción,,-25.317894,-57.5699258,0971 253000,https://linktr.ee/centromedicofrances,4.5,17,
establishment,Osler Clinic / Dr. Javier Bogarín,"Apt. 1A, Alexis Boggino 1012. casi, Asunción 001525, Paraguay",Asunción,,-25.2694154,-57.5592899,0986 171500,http://www.oslerclinicparaguay.com/,5,1,
doctor,Clínica Doctor Mussi,"P98M+8G5, Av. Perú, Asunción 001210, Paraguay",Asunción,,-25.2842421,-57.6161474,202452,,5,24,
doctor,Dr Hermes Godoy Muller,"Fernando de Maldonado 2991 casi, Asunción 001401, Paraguay",Asunción,,-25.2866743,-57.55401849999999,0984 808218,https://www.instagram.com/hermesgodoymuller/,5,37,
dentist,Dr. Gaston Trossero - Odontología Avanzada,"Victor Heyn 7207 esquina, Asunción 001417, Paraguay",Asunción,,-25.3085334,-57.55861729999999,0984 102984,https://gastontrossero.com/,5,155,
establishment,Asuncion Dental Clinic,"Pacheco, Av. Choferes Del Chaco 775, Asunción 1412, Paraguay",Asunción,,-25.29567,-57.592412,0984 536880,,4.8,38,
dentist,Delica Dental Clinic - DDC,"Fray Luis de Granada 492 casi, Asunción 001207, Paraguay",Asunción,,-25.2841142,-57.59773789999999,0985 391551,http://delica.com.py/,4.9,104,
dentist,Dental Protection Center,"Dr. Pedro, Pedro Peña 7185, Asunción 001417, Paraguay",Asunción,,-25.3067208,-57.5592273,0981 600044,http://protectiondentalcenter.net/,4.9,212,
establishment,Odonto Center Especialidades,"Celsa Speratti, Asunción 001230, Paraguay",Asunción,,-25.3027734,-57.60076480000001,0983 535456,http://odontocenter.com.py/,4.9,107,
dentist,Moreira Odontología Digital,"N 1, Paseo La Galería Local 148, Av. Sta. Teresa 1827, Asunción 001410, Paraguay",Asunción,,-25.2852771,-57.56307200000001,0986 605580,http://moreira.com.py/,4.8,69,
dentist,Odontología 3,"Mariscal Estigarribia 1414 c/ Pa'i Perez, Mcal. Estigarribia, Asunción 001218, Paraguay",Asunción,,-25.290086,-57.6209776,(021) 200 175,http://www.odontologia3.com/,4.5,304,
establishment,Clinica Neufeld,"José Gonzalez Pedro Alcántara, Asunción 001528, Paraguay",Asunción,,-25.2687842,-57.57731940000001,0981 460005,,4.7,26,
dentist,Clinical Odontoandrauss Assumption,"Cerro Corá 489, Asunción 001101, Paraguay",Asunción,,-25.2852965,-57.63218320000001,0985 522225,http://www.odontoandrauss.com.py/,4.7,118,
establishment,Trinidad Clinica Dental,"Capitan Vicente Suarez, Asunción 001520, Paraguay",Asunción,,-25.2632374,-57.5767254,0981 294790,https://www.trinidentpy.com/,4.7,29,
dentist,Clinica Elgue,"Sta. Rosa 944, Asunción 001535, Paraguay",Asunción,,-25.2825577,-57.590213,0971 999888,http://www.elgue.com/,4.8,76,
doctor,Consultorio Dra. Malu Sosa Plate - Odonto ML,"Av. Gral. Bernardino Caballero 729, Asunción 001228, Paraguay",Asunción,,-25.2999016,-57.60858799999999,0981 335213,https://www.instagram.com/odontoml/,5,54,
establishment,Centro Odontologico MEDIDENT,"Av. Aviadores del Chaco 2875 casi, Asunción 001526, Paraguay",Asunción,,-25.2800194,-57.55918149999999,(021) 607 057,,4.3,58,
dentist,𝗏𝗂𝖽𝖺𝗱𝗲𝗻𝘁𝗮𝗹,"M9RM+8R8, Av. Dr. Fernando de la Mora 138 casi, Asunción 001311, Paraguay",Asunción,,-25.3091982,-57.61542069999999,0991 707289,https://wa.me/595991707289,4.9,66,
dentist,Odontología Dra. Silvana Boccia,"25 de Mayo 3490, Asunción 001230, Paraguay",Asunción,,-25.2990958,-57.60226849999999,(021) 227 368,http://www.silvanaboccia.com/,4.5,11,
establishment,INSTITUTO DE ODONTOLOGIA AVANZADA,"Ayala Velazquez 532 c, Asunción 001208, Paraguay",Asunción,,-25.2874232,-57.6064241,0981 139996,http://www.ioa.edu.py/,4.5,198,
establishment,Clínica integral MAE,"1713 1713, Asunción 1713, Paraguay",Asunción,,-25.2669484,-57.5827003,0991 419331,http://instagram.com/cl%C3%ADnicamae.py/,5,5,
dentist,Clinica Zanon,"General Santos, Serrati 420, Asunción 001208, Paraguay",Asunción,,-25.2893697,-57.60988099999999,0981 858199,https://zanon.com.py/,4.7,30,
dentist,Dental MOLAS - Consultorio Odontologico,"Molas Lopez 2318, Asunción 2318, Paraguay",Asunción,,-25.258577,-57.5832504,0981 744380,https://www.instagram.com/dentalmolas,4.6,9,
dentist,OdontoArte - CLINICA ODONTOLOGICA,"Gral. MacArthur 232, Asunción 001412, Paraguay",Asunción,,-25.292429,-57.5868815,0971 212184,http://www.odontoarte.com.py/,4.9,66,
establishment,Farmacia Catedral Suc. Sacramento,"Asunción 001532, Paraguay",Asunción,,-25.2707271,-57.5841317,(021) 627 7203,https://www.farmaciacatedral.com.py/,4.2,53,
establishment,Catedral Drugstore,"Sta. Ana 1473, Asunción 001529, Paraguay",Asunción,,-25.2856304,-57.57395760000001,(021) 627 7000,http://www.farmaciacatedral.com.py,4.4,214,
establishment,Farmacia Vicente Scavone - Suc. España,"Av. España, Asunción 001411, Paraguay",Asunción,,-25.2862596,-57.58411799999999,(021) 418 5000,http://www.fvs.com.py/,4.3,94,
establishment,Farmacia Catedral Suc. Artigas,"Asunción 001517, Paraguay",Asunción,,-25.2576875,-57.58618749999999,0981 668393,https://www.farmaciacatedral.com.py/,4.7,11,
establishment,Punto Farma Drugstore,"Domingo Portillo y, Asunción 001526, Paraguay",Asunción,,-25.2720469,-57.5650305,(021) 616 1000,http://www.puntofarma.com.py/,4.2,109,
establishment,Punto Farma 5,"Av. Mariscal López Y, Asunción 001412, Paraguay",Asunción,,-25.2914093,-57.59672210000001,(061) 61000,,4.5,64,
establishment,Farmacenter Hiper España,"Av. España y, Asunción 1208, Paraguay",Asunción,,-25.2883586,-57.60544969999999,(021) 262 6000,http://www.farmacenter.com.py/,4.1,57,
establishment,Farmacia Catedral Suc. Centro,"Palma, Asunción 001101, Paraguay",Asunción,,-25.2826077,-57.63386269999999,(021) 627 7208,http://www.farmaciacatedral.com.py/,4.2,73,
establishment,Farmacenter Carmelitas,"Av. Gral. José de San Martín esq, Asunción 1527, Paraguay",Asunción,,-25.2800645,-57.5709471,(021) 262 6000,http://www.farmacenter.com.py/,4.3,56,
establishment,Farmacia Catedral General Santos Teodoro S. Mongelos,"Avda. Gral Santos, Teodoro S. Mongelós esq, Asunción 001226, Paraguay",Asunción,,-25.3005949,-57.6134351,(021) 627 7221,https://www.farmaciacatedral.com.py/,4.4,21,
establishment,Farmacenter Aviadores 1,"Av. Aviadores del Chaco 3308 esq, Asunción 1401, Paraguay",Asunción,,-25.2777575,-57.55298009999999,(021) 262 6000,http://www.farmacenter.com.py/,4.3,45,
establishment,Farmacenter,"Av. Primer Presidente casi, Asunción 001521, Paraguay",Asunción,,-25.2624159,-57.56043589999999,(021) 262 6000,http://www.farmacenter.com.py/,3.9,16,
establishment,Punto Farma,"Tomas Lombardo y, Asunción 001506, Paraguay",Asunción,,-25.2410771,-57.542754,(021) 616 1000,http://www.puntofarma.com.py/,4.4,66,
drugstore,Farmacia Catedral Suc. Don Bosco,"Gral. Díaz esq, Asunción 001011, Paraguay",Asunción,,-25.2790301,-57.644654,0981 784827,https://www.farmaciacatedral.com.py/,4.8,20,
establishment,Farmacenter Mcal. Lopez 1,"PC4C+C2V, Av. Mariscal López 3683 casi, Asunción 1411, Paraguay",Asunción,,-25.2938838,-57.57997469999999,(021) 262 6000,http://www.farmacenter.com.py/,3.9,35,
establishment,Farmacias Catedral Suc. Migone 2,"Asunción 001218, Paraguay",Asunción,,-25.2886562,-57.6216194,0981 785231,,4.4,16,
establishment,Farmacenter Mcal. Lopez 4,"Av. Mariscal López Esq, Asunción 1407, Paraguay",Asunción,,-25.3013653,-57.5638914,(021) 262 6000,http://www.farmacenter.com.py/,3.9,30,
establishment,Farmacenter Central,"Estrella 526 entre, 14 De Mayo y, Asunción 1014, Paraguay",Asunción,,-25.2812801,-57.6375641,(021) 262 6000,http://www.farmacenter.com.py/,4.1,44,
establishment,Punto Farma,"Estrella &, 14 De Mayo, Asunción 001013, Paraguay",Asunción,,-25.2817586,-57.63669830000001,(021) 616 1000,http://www.puntofarma.com.py/,4.1,36,
establishment,Farmacenter Venezuela,"Venezuela 911 casi, Asunción 1206, Paraguay",Asunción,,-25.2820806,-57.59458730000001,(021) 262 6000,http://www.farmacenter.com.py/,4.4,34,
establishment,Drugstore Asismed Mcal Lopez,"P96J+F25, Asunción 001218, Paraguay",Asunción,,-25.2888708,-57.6198764,(021) 288 7777,http://www.asismed.com.py/,4.3,37,
establishment,DRUGSTORE by Asismed - Artigas,"Av. Gral. José Gervasio Artigas casi, Asunción 001202, Paraguay",Asunción,,-25.2734485,-57.6073623,(021) 288 7777,,3.5,2,
establishment,Drugstore Asismed Sta. Julia,"Nicasio Insaurralde y, Asunción 001206, Paraguay",Asunción,,-25.2761397,-57.5981288,(021) 288 7777,http://www.asismed.com.py/,4.1,13,
establishment,Drugstore by Asismed Lynch,"MCRW+59W, Victor Heyn, Asunción 001418, Paraguay",Asunción,,-25.3095218,-57.55404650000001,(021) 288 7777,https://web.asismed.com.py/sucursales-drugstore.php,0.0,0,
establishment,FarmaOliva Drugstore,"Julio Correa y, Asunción 001520, Paraguay",Asunción,,-25.2721751,-57.5654438,0994 251182,http://www.farmaoliva.com.py/,4.3,14,
establishment,Drugstore by Asismed - Bahía,"Estacionamiento Bahía Parking (La Costa, Concepción Leyes de Chávez 200, Asunción 001202, Paraguay",Asunción,,-25.2727083,-57.60773090000001,(021) 288 7777,http://www.asismed.com.py/,5,2,
establishment,Farmacenter Drugstore,"Julio Correa, Asunción 001520, Paraguay",Asunción,,-25.2703175,-57.56423640000001,(021) 262 6000,http://www.farmacenter.com.py/,3.6,14,
establishment,DermaStore,"Av. Mariscal Lopez, Villamorra Shopping, San Roque Gonzalez de Santacruz esq, Asunción 001412, Paraguay",Asunción,,-25.294263,-57.58073219999999,0993 575140,http://perfumeslujosos.com/,4.7,48,
establishment,Farmacias Energy,"Av. España 2291, Asunción 001207, Paraguay",Asunción,,-25.2870618,-57.5953209,(021) 204 506,,4.4,58,
drugstore,Punto Farma,"MCGW+J53, Ruta Mariscal José Felix Estigarribia, Fernando de la Mora 110308, Paraguay",Fernando de la Mora,,-25.323484,-57.5545889,0982 024332,,2.9,18,
establishment,Medicamento Genérico S.A.,"Avenida Gral. José de San Martin N° 658, Asunción 1003, Paraguay",Asunción,,-25.290207,-57.57373500000001,(021) 664 050,https://www.medicamentogenerico.com.py/,0.0,0,
establishment,FARMACIA BOTANICO,"Asunción 001519, Paraguay",Asunción,,-25.2524772,-57.57856150000001,0982 473121,,4.3,7,
establishment,Medifarma Drugstore,"Angel Iribas, Asunción 001223, Paraguay",Asunción,,-25.3002135,-57.6218157,(021) 205 189,,4.8,9,
establishment,Catedral Drugstore,"Dr. Toribio Pacheco, Asunción 001412, Paraguay",Asunción,,-25.2987317,-57.58287240000001,0981 784029,https://www.farmaciacatedral.com.py/,4.3,14,
establishment,Trigenesis S.R.L.,"PCQ6+G55, Asunción 001532, Paraguay",Asunción,,-25.2612491,-57.58950189999999,0981 514185,,1,1,
establishment,Qorvex Recovery Spot,"Quito 141, Asunción 001519, Paraguay",Asunción,,-25.2607323,-57.5806759,,,5,3,
establishment,Lic. Selva Pereira | Fisioterapia Kinesiología,"Paraguari 1291, Asunción 001103, Paraguay",Asunción,,-25.2938666,-57.63564849999999,0982 609563,,5,49,
establishment,KINETICS Centro de FISIOTERAPIA,"Mayor Sebastián Bullo 1147 casi, Asunción 001225, Paraguay",Asunción,,-25.300458,-57.61933499999999,0991 403321,,5,207,
establishment,Consultorio Fisioterapia Asunción,"Del Espíritu Santo 597, Asunción 001519, Paraguay",Asunción,,-25.2570695,-57.57753,0986 247804,,0.0,0,
establishment,REVITAL Gimnasio - Fisioterapia PY,"Bogotá 520 1713, Asunción 001519, Paraguay",Asunción,,-25.2575976,-57.58086419999999,0983 267723,,4.8,27,
establishment,CL Fisioterapia,"Bella Vista, Asunción 001535, Paraguay",Asunción,,-25.2717371,-57.589851,0982 124719,,5,1,
establishment,KinesioGold,"Vicente Flores y, Asunción 001525, Paraguay",Asunción,,-25.2702901,-57.5609179,0991 381406,,5,7,
establishment,Centro Privado De Medicina Física y Rehabilitación - Cemefir,"Av. Venezuela 664, Asunción 001535, Paraguay",Asunción,,-25.285989,-57.5946727,0983 957570,http://www.cemefir.com.py/,4.4,18,
establishment,Lic. Víctor Ávalos (Fix Advanced Therapy),"001411, Asunción 001411, Paraguay",Asunción,,-25.289799,-57.58017339999999,0992 253152,,4.9,58,
establishment,Clínica de Especialidades Kinésicas Reeducación,"MCXJ+RWH, Av. Dr. Guido Boggiani, Asunción 001416, Paraguay",Asunción,,-25.3004488,-57.5676454,0982 205516,,4.3,12,
establishment,INDIVIDUAL Pilates & Fisioterapia,"Prof. Manuel Riquelme y, Asunción 001527, Paraguay",Asunción,,-25.2773151,-57.567244,0992 295889,https://www.instagram.com/individual.pilates,5,15,
establishment,Fisioterapia Arbo,"Fray Luis de Granada 641, Asunción 001207, Paraguay",Asunción,,-25.2840225,-57.59610290000001,,,5,2,
establishment,Clinilife - Especialistas en Bienestar,"Av. Gral. Bernardino Caballero 236, Asunción 001228, Paraguay",Asunción,,-25.2948063,-57.60705540000001,0981 122691,https://www.instagram.com/clinilife.py/,5,20,
establishment,Centro ACTIVA,"Profesor Ferreira 2168 casi, Asunción 001532, Paraguay",Asunción,,-25.2634491,-57.58518890000001,0972 441500,https://centroactivapy.com/,5,3,
establishment,Pilates y Rehabilitación Mburicao,"Dr. Justo Prieto 3774, Asunción 001229, Paraguay",Asunción,,-25.2970072,-57.5976514,0981 498080,https://www.facebook.com/profile.php?id=100090173423653&mibextid=LQQJ4d,5,21,
establishment,Gabinete de Rehabilitación Física,"Prócer Agustín Yegros 356, Asunción 001531, Paraguay",Asunción,,-25.2675,-57.576,,,0.0,0,
establishment,Cortex Centro de Rehabilitación Física-Cognitiva,"Prof. Viriato Díaz Pérez 1272, casi, Asunción 001534, Paraguay",Asunción,,-25.274434,-57.5876436,0985 423647,https://www.cortexrehabilitacion.com.py/,4.7,7,
establishment,Ips,"Santísimo Sacramento &, PCJ8+RRH, Genaro Romero, Asunción 001531, Paraguay",Asunción,,-25.2679397,-57.5829017,(021) 219 7000,https://portal.ips.gov.py/sistemas/ipsportal/,4.5,77,
establishment,INNOVA FISIOTERAPIA DEPORTIVA LOCAL 2,"Capitán Francisco Montanaro 1314, Asunción 001532, Paraguay",Asunción,,-25.2664206,-57.5848968,,,5,2,
establishment,AJ Physio Recovery,"Av. Proceres De Mayo 731, Asunción 001236, Paraguay",Asunción,,-25.3067486,-57.6186267,0991 927723,,5,5,
establishment,Nantes Veterinary Hospital,"Comandante Salaskin 291 y, Asunción 001411, Paraguay",Asunción,,-25.2907216,-57.58283309999999,0971 280025,https://www.facebook.com/NantesHospitalVeterinario/,4.7,3078,
establishment,Asuncion Pet,"Av. Perú 730, Asunción 001220, Paraguay",Asunción,,-25.2933329,-57.6223653,0982 570001,https://beacons.ai/asuncionpet?fbclid=PAZXh0bgNhZW0CMTEAAabpqF-0XDOsBG_T4Z7Uedbejn04rqO8h-P3rQIu9eBxXdXU9AAVExzFNpU_aem_zHR9sdul3LMXT8IRKy6DZg,4.5,230,
establishment,Clínica Dr. Brown,"Quesada 4421, Asunción 001412, Paraguay",Asunción,,-25.2921995,-57.58633260000001,0981 504325,,4.6,77,
establishment,Dr. Vic - Clinica Veterinaria,"Julio Correa 1040, Asunción 001521, Paraguay",Asunción,,-25.2660889,-57.5610103,0981 993783,,4.3,130,
establishment,VETCIA Centro Veterinario,"Calle Cruz del Defensor 1750 e, Mayor José Martí y, Asunción 001001, Paraguay",Asunción,,-25.3080695,-57.5864099,0984 723141,,4.5,244,
establishment,HVA HOSPITAL VETERINARIO,"Dr. Antonio Bestard 576, Asunción 1420, Paraguay",Asunción,,-25.287084,-57.5854608,0982 516811,http://www.instagram.com/hva.py,4,46,
establishment,Centro Veterinario San Agustín,"Av. Gral. José Gervasio Artigas 3930, Asunción 001519, Paraguay",Asunción,,-25.2560127,-57.5832449,0972 184057,,4.4,323,
establishment,DRA. VET,"Av. Gral. José Gervasio Artigas 2473, Asunción 001202, Paraguay",Asunción,,-25.2666926,-57.59825169999999,0995 651887,,5,9,
establishment,La Quinta,"PCGV+2MJ, Asunción 001526, Paraguay",Asunción,,-25.2749017,-57.55584769999999,0984 933801,http://m.facebook.com/laquintaveterinaria,4.5,534,
establishment,Animal Care Clínica Veterinaria y Pet Shop,"Eloy Páez 968, Asunción 001518, Paraguay",Asunción,,-25.270039,-57.54769109999999,0961 330301,,5,10,
establishment,Vetpraxis SRL,"Av. España 1237, Asunción 001529, Paraguay",Asunción,,-25.2850362,-57.5771538,0982 154256,https://www.instagram.com/vetpraxispy?igsh=MWh6ajc3dGh6dGc1eQ==,4.6,19,
establishment,Loyal Centro Veterinario,"Mayor Leandro Aponte, &, Asunción 001524, Paraguay",Asunción,,-25.2760897,-57.5508232,0971 261766,,4.8,64,
establishment,Ferrer Centro Veterinario,"Mcal Lopez 1123 entre, J.M, Gral. Mariano Melgarejo y, Asunción 1102, Paraguay",Asunción,,-25.2920631,-57.6132882,0983 972397,,4.8,73,
establishment,Veterinaria LO DE ALFONSO,"Futsal 88 N° 1593 e, Asunción 001525, Paraguay",Asunción,,-25.2682078,-57.5621724,0981 781332,,4.5,33,
establishment,AgroDog,"MCG4+8WR, Curupay, Asunción 001424, Paraguay",Asunción,,-25.3241332,-57.5927355,0981 547306,http://www.agrodog.com/,4.1,371,
establishment,De michis,"Padre de la Cruz Ortigoza, Asunción 001531, Paraguay",Asunción,,-25.2687709,-57.57605,0982 614812,,5,36,
establishment,Veterinaria Pet Animal Care,"Av. La Victoria casi, Asunción 1209, Paraguay",Asunción,,-25.3275797,-57.5838146,0991 746306,https://www.facebook.com/petanimalcarepy,4.3,6,
establishment,Guau Y Michi,"P927+VGV, Asunción 001103, Paraguay",Asunción,,-25.2977607,-57.63618839999999,0981 430144,,4,288,
establishment,BartrinaVet y Hotel Felino,"Raul Carmona 947-A e/Tte. Vera y Austria, Barrio Ycua Saty, Asunción 1820, Paraguay",Asunción,,-25.2897573,-57.5662754,0981 476089,https://www.facebook.com/BartrinaVet.Teresa.Bartrina/,4.8,135,
establishment,Agroveterinaria Central S.R.L,"Av. Dr. José Gaspar Rodriguez de Francia 1423, Asunción 1548, Paraguay",Asunción,,-25.2977829,-57.6268158,(021) 214 914,https://linktr.ee/agroveterinariacentralpy,4.6,2419,
establishment,S6 Express Molas López,"PCJG+JJJ, Asunción 001520, Paraguay",Asunción,,-25.2684194,-57.5734754,(021) 414 1960,https://www.superseis.com.py/,4.3,84,
establishment,Stock,"Asunción 001519, Paraguay",Asunción,,-25.2547155,-57.5811818,0982 854513,https://www.stock.com.py/,4,1719,
establishment,Xtra24/7 - Tienda 24 horas,"Eusebio Lillo Robles 3099, Asunción 001409, Paraguay",Asunción,,-25.2930393,-57.553818,0992 440637,,4.7,49,
establishment,Biggie Express,"Genaro Romero esq, Asunción 001531, Paraguay",Asunción,,-25.2687645,-57.5787995,(021) 729 0300,http://www.biggie.com.py/,4.4,238,
establishment,Superseis - Primer Presidente,"PCPR+9X6, Asunción 001525, Paraguay",Asunción,,-25.2641078,-57.55751239999999,,,4.4,127,
establishment,STORE PARAGUAY,"PCPF+GJC, DDDDDDDDDD, Asunción 001520, Paraguay",Asunción,,-25.2636827,-57.57597620000001,,,2,2,
establishment,Real Supermarket,"Dr. Juan Eulogio Estigarribia, Asunción 001412, Paraguay",Asunción,,-25.2971693,-57.57887059999999,(021) 602 030,https://www.realonline.com.py/,4.2,4965,
establishment,Superseis - Denis Roa,"Denis Roa 1121, Asunción 001409, Paraguay",Asunción,,-25.2922607,-57.55968650000001,(021) 661 389,http://www.superseis.com.py/default.aspx,4.3,4165,
establishment,Stock Supermarket,"Dr. Manuel Peña y, Asunción 001534, Paraguay",Asunción,,-25.2723636,-57.58493799999999,(021) 414 1980,http://www.stock.com.py/,3.9,3196,
establishment,Casa Rica - Molas López,"Av Dr Felipe Molas López, &, Asunción 001528, Paraguay",Asunción,,-25.2722849,-57.5714394,(021) 729 7200,http://www.casarica.com.py/,4.7,5598,
establishment,ALMACEN 247,"Av. España 840, Asunción 001411, Paraguay",Asunción,,-25.2852318,-57.58048059999999,0976 669992,https://www.instagram.com/almacen247py/,4.6,90,
establishment,Delimarket,"Av. Aviadores del Chaco, Asunción 001529, Paraguay",Asunción,,-25.2821058,-57.5675396,0983 500300,http://www.delimarket.com.py/,4.6,4540,
establishment,Supermarket Gran Vía,"&, Av. Eusebio Ayala, Asunción 001230, Paraguay",Asunción,,-25.3081601,-57.59671489999999,(021) 614 994,http://www.granvia.com.py/,4.1,4512,
establishment,Ex-supermercado Ycuá Bolaños,"PCV8+6C9, Av. Gral. José Gervasio Artigas, Asunción 001519, Paraguay",Asunción,,-25.2569682,-57.58389,,,4.6,105,
establishment,Biggie Express - Trinidad Jade,"Av. Santísima Trinidad esq, Asunción 001520, Paraguay",Asunción,,-25.264748,-57.57133090000001,(021) 729 0300,http://www.biggie.com.py/,4.1,584,
establishment,Copemarket Deli,"PC3F+W8, Av. Gral. José de San Martín, Asunción 001408, Paraguay",Asunción,,-25.2952003,-57.5767152,0976 766773,,4,196,
establishment,Stock Kubitschek,"M9WV+547, Asunción 001230, Paraguay",Asunción,,-25.3045957,-57.6071934,,http://www.stock.com.py/,4.1,1795,
establishment,Supermercado Stock,"MCH4+C8J, Av. República Argentina esq, Asunción 001423, Paraguay",Asunción,,-25.3212279,-57.5940166,(021) 414 1980,https://www.stock.com.py/,3.9,3375,
establishment,AD Market/American Door Casa Central,"Av. Madame Lynch 2561 casi, Asunción 001401, Paraguay",Asunción,,-25.2764061,-57.54584069999999,0971 757577,https://instagram.com/admarket_,4.2,1596,
establishment,Biggie Express - Primer Presidente,"PCQQ+44H, Av. Primer Presidente, Asunción 001521, Paraguay",Asunción,,-25.2623896,-57.56040899999999,,,4.3,617,
establishment,STOCK supermarket Brasilia,"PCF2+VJV, Av. Brasilia, Asunción 001206, Paraguay",Asunción,,-25.2752603,-57.598443,(021) 414 1980,http://www.stock.com.py/,3.8,1782,
establishment,Supermercado Stock,"Chile y, Asunción 001101, Paraguay",Asunción,,-25.28755,-57.63873999999999,,https://www.stock.com.py/,4,1429,
establishment,Hiperseis hypermarket,"Hassler 6555, Asunción 001416, Paraguay",Asunción,,-25.3027058,-57.5642771,(021) 414 1960,,4.4,11252,
establishment,Stock Express Sacramento,"PCJ8+WJ8, Asunción 001532, Paraguay",Asunción,,-25.2677084,-57.58343660000001,(021) 298 527,https://www.stock.com.py/,3.8,608,
establishment,Areté Primer Presidente,"Av. Primer Presidente, Asunción 001521, Paraguay",Asunción,,-25.2593937,-57.5664943,(021) 729 0006,http://www.arete.com.py/,4.6,1246,
establishment,Superseis - Mburucuya,"Fuerte Borbón 280, Asunción 001526, Paraguay",Asunción,,-25.2702565,-57.56297479999999,(021) 612 004,http://www.superseis.com.py/,4.4,4680,
establishment,SUPERMAS S.A.,"Asunción 001428, Paraguay",Asunción,,-25.3253995,-57.5713844,(021) 238 7300,https://www.supermas.com.py/,4.4,2472,
bakery,Casa Rica,"Av. España, Asunción 001530, Paraguay",Asunción,,-25.2855573,-57.5862293,(021) 729 7200,http://www.casarica.com.py/,4.7,11190,
establishment,Pacific supermarket,"P85Q+WCH, Asunción 001006, Paraguay",Asunción,,-25.2901967,-57.6613811,(021) 423 548,,4.3,1361,
establishment,Superseis - Paseo La Galería,"Av. Sta. Teresa 1827, Asunción 001410, Paraguay",Asunción,,-25.2847299,-57.5635388,(021) 414 1960,http://www.superseis.com.py/,4.5,3183,
establishment,Superseis - España,"Pitiantuta, Asunción 001208, Paraguay",Asunción,,-25.2874104,-57.6058491,(021) 213 023,http://www.superseis.com.py/,4.4,5279,
establishment,Real San Vicente supermarket,"Av. Proceres De Mayo, Asunción 001237, Paraguay",Asunción,,-25.3087363,-57.61755909999999,(021) 230 231,http://facebook.com/supermercados.realpy,4.3,5542,
convenience_store,Biggie IPS Sacramento,"PCM8+JVG, Asunción 001532, Paraguay",Asunción,,-25.2659284,-57.5827988,0985 335392,http://www.biggie.com.py/,4.3,174,
establishment,Biggie Express,"Santisimo Sacramento 2085, Asunción 001532, Paraguay",Asunción,,-25.2657545,-57.5827175,(021) 729 0300,http://www.biggie.com.py/,4.2,90,
establishment,Biggie Express,"My. Albertano Zayas, Asunción 001521, Paraguay",Asunción,,-25.2586931,-57.57107379999999,(021) 729 0300,https://biggie.com.py/,4.3,222,
establishment,Biggie Express,"PCJG+5JX, Río Tebicuary, Asunción 001528, Paraguay",Asunción,,-25.2695043,-57.57339039999999,,https://biggie.com.py/,4.2,46,
convenience_store,Shell,"Santisimo Sacramento 1, Asunción 001519, Paraguay",Asunción,,-25.2537248,-57.57551689999999,4175000,https://find.shell.com/py/fuel/10126936-shell-combu-bar-company-s-r-l-botanico/es_PY,4.7,48,
convenience_store,Shell,"Av. Gral. José Gervasio Artigas, Asunción 001518, Paraguay",Asunción,,-25.2522661,-57.5789476,4175000,https://find.shell.com/py/fuel/10127314-shell-estacion-bahia-s-a-botanico/es_PY,4.2,590,
convenience_store,Biggie Express,"Eusebio Lillo Robles esq, Asunción 001411, Paraguay",Asunción,,-25.287445,-57.57945969999999,(021) 729 0300,http://www.biggie.com.py/,4.4,285,
establishment,Biggie Express,"Av Venezuela, &, Miguel de Cervantes Saavedra, Asunción 001206, Paraguay",Asunción,,-25.2704123,-57.59355239999999,(021) 729 0300,http://www.biggie.com.py/,4.4,565,
establishment,Superseis Express San Martín,"PC6H+X4P, Av. Gral. José de San Martín, Asunción 001410, Paraguay",Asunción,,-25.287645,-57.57222590000001,(021) 414 1960,http://www.superseis.com.py/,4.3,87,
establishment,Paseo La Galería,"Av. Sta. Teresa 1827, Asunción 001410, Paraguay",Asunción,,-25.2843592,-57.56344719999999,(021) 659 4000,http://www.paseolagaleria.com.py/,4.7,30735,
establishment,delSol,"Av. Aviadores del Chaco, Asunción 001529, Paraguay",Asunción,,-25.2828559,-57.56667429999999,(021) 611 780,http://www.delsol.com.py/,4.6,27593,
establishment,Mall Excelsior,"Chile 993, Asunción 001101, Paraguay",Asunción,,-25.2877297,-57.6388257,,https://www.mallexcelsior.com/,4.1,8487,
establishment,Shopping Mariscal,"Quesada 5050, Asunción 1411, Paraguay",Asunción,,-25.2950817,-57.5811803,(021) 611 272,http://www.mariscal.com.py/,4.6,24485,
establishment,Shopping Villa Morra,"Av. Mariscal López 3974 y, Asunción 001411, Paraguay",Asunción,,-25.2942796,-57.5805923,(021) 603 050,http://villamorrashopping.com.py/,4.4,14295,
establishment,Shopping Multiplaza,"Av. Eusebio Ayala 4501, Asunción 001419, Paraguay",Asunción,,-25.3165308,-57.5714466,(021) 511 005,http://www.multiplaza.com.py/,4.3,23983,
clothing_store,Paseo Die Ecke,"Denis Roa esq, Asunción 001401, Paraguay",Asunción,,-25.2830535,-57.55751979999999,0981 998040,https://www.instagram.com/paseodieecke?igsh=b2liZDFoZXZocHlm,4.7,206,
establishment,Asunción Super Centro,"15 De Agosto, Asunción 001013, Paraguay",Asunción,,-25.2822232,-57.6383446,(021) 493 333,,3.9,8449,
establishment,Plaza Moiety,"Av. Aviadores del Chaco 3215, Asunción 001524, Paraguay",Asunción,,-25.2776675,-57.5542075,0976 533931,https://m.facebook.com/PlazaMoiety,4.5,1342,3
clothing_store,Feria Asunción,"Av. Gral. José de San Martín 893, Asunción 001411, Paraguay",Asunción,,-25.287837,-57.573183,0971 300200,http://www.feriaasuncion.com.py/,4.4,9041,
establishment,Paseo Los Árboles,"PC5G+F2X, Av. Gral. José de San Martín, Asunción 001408, Paraguay",Asunción,,-25.2919782,-57.57400209999999,0983 155511,https://www.instagram.com/paseolosarboles?igsh=em95Zm43bnZ2dGdv,4.5,430,
clothing_store,Marketplace,"PC75+HV4, Av. España 2621, Asunción 001534, Paraguay",Asunción,,-25.286192,-57.590185,0981 203891,http://marketplace.com.py/,4.5,2435,
establishment,Paseo Via Allegra,"Senador Huey Pierce Long &, Teniente Héctor Vera, Asunción 001411, Paraguay",Asunción,,-25.286784,-57.5764952,(021) 600 077,http://www.viaallegra.com.py/,4.6,366,
establishment,OUTLET PREMIUM,"Eusebio Lillo Robles 1418, Asunción 001411, Paraguay",Asunción,,-25.2887906,-57.5757877,0981 823674,https://www.instagram.com/outletpremium.men?igsh=bWZjZmtqbjR1MDM1,4.8,141,
establishment,Paseo miraflores,"Paseo Miraflores, Julio Correa 143, Asunción 001520, Paraguay",Asunción,,-25.2746921,-57.56717379999999,(021) 613 914,,4.2,182,
establishment,World Trade Center Asunción,"PC8M+755 Capitalis, Av. Aviadores del Chaco, Asunción 001410, Paraguay",Asunción,,-25.2843526,-57.56700159999999,(021) 238 4669,https://www.wtca.org/world-trade-center-asuncion,4.6,4184,
establishment,Plaza Hogar - San Martin,"Av. Gral. José de San Martín 578 esq, Asunción 001411, Paraguay",Asunción,,-25.290966,-57.5746136,(021) 614 860,https://www.plazahogar.com.py/,4.5,2922,
department_store,Unicentro - Shopping Mariscal,"Quesada 5.050 c, Asunción 001412, Paraguay",Asunción,,-25.2946759,-57.5817184,(021) 411 7705,http://www.unicentro.com.py/,4.4,852,
establishment,2020 Galeria Bonanza,"P92H+74X, Silvio Pettirossi, Asunción 1536, Paraguay",Asunción,,-25.2990723,-57.6220538,0985 278541,http://www.facebook.com/2020paraguay,4.5,241,
clothing_store,Grace Boutique ASUNCIÓN,"Dr. Toribio Pacheco casi, Asunción 001413, Paraguay",Asunción,,-25.2982683,-57.5844665,0971 912966,,4.7,81,
clothing_store,My Store,"Av. Gral. José Gervasio Artigas 3609, Asunción 3609, Paraguay",Asunción,,-25.2584566,-57.5871841,0981 506229,http://www.mystore.com.py/,4.4,298,
clothing_store,Carola Boutique - Asunción,"MCRC+R9Q, Asunción 001415, Paraguay",Asunción,,-25.307924,-57.579019,0986 376020,,4.6,184,
clothing_store,LA CONDESA ASUNCION - BOUTIQUE,"Concordia 909, Asunción 001205, Paraguay",Asunción,,-25.2787119,-57.60227159999999,0981 212222,,4.5,72,
clothing_store,LIMON,"Av. Gral. José de San Martín 1713 casi, Asunción 001527, Paraguay",Asunción,,-25.2790361,-57.57042819999999,0983 695613,,4.4,24,
clothing_store,Pitonisa Boutique (Teodoro Mongelos esq Gral Bruguez),"Teodoro Mongelos 1984 esquina, Gral. José María Bruguéz, Asunción 001225, Paraguay",Asunción,,-25.2977137,-57.61878989999999,0984 551116,http://www.pitonisa.com.py/,4.6,38,
clothing_store,Compulsiva boutique,"Gral. Eugenio Alejandrino Garay 834, Asunción 001411, Paraguay",Asunción,,-25.2906616,-57.5832414,0971 503099,,4.6,91,
clothing_store,Fashion Point Centro Asunción,"Gral. Díaz esquina, Asunción 001101, Paraguay",Asunción,,-25.2840509,-57.6357392,0972 111112,,4.6,79,
clothing_store,Maria Adela Tienda,"25 de Mayo N° 1870, Asunción 001224, Paraguay",Asunción,,-25.2930012,-57.61727309999999,0983 373348,https://mariaadela.com/,4.7,244,
clothing_store,NICE - La Princesa,"P988+JW3, Asunción 001101, Paraguay",Asunción,,-25.2834761,-57.6326878,0992 449732,https://www.niceshop.com.py/,4.6,144,
clothing_store,BOHO STYLE PY,"Jasy 255, Asunción 001520, Paraguay",Asunción,,-25.2713182,-57.5695454,0986 484143,https://instagram.com/styleboho.py?igshid=MjEwN2IyYWYwYw==,5,1,
clothing_store,Vintage Shop,"PCQF+V3J, Av. Santísima Trinidad, Asunción 001519, Paraguay",Asunción,,-25.2602945,-57.5773647,,,4.5,13,
clothing_store,Tienda Orquidea Negra,"Fray Luis de Granada &, Virgilio Molas, Asunción 001535, Paraguay",Asunción,,-25.2837723,-57.5926404,0981 119339,http://www.onegra.com/,4.5,55,
clothing_store,Baco Asunción,"c/ Prof. Inocencio Lezcano, Teodoro S. Mongelós, Asunción 001230, Paraguay",Asunción,,-25.3058378,-57.5979845,0983 215559,http://www.baco.com.py/,4.5,457,
clothing_store,Asunción Underground,"389,, Gral. Díaz, Asunción 001101, Paraguay",Asunción,,-25.2835694,-57.6369615,0981 718748,https://instagram.com/asuncion.underground?igshid=19dkiaq7r1xzt,4.6,269,
clothing_store,AVE A la Vuelta de la Esquina,"Av. Sta. Teresa, Asunción 001402, Paraguay",Asunción,,-25.2850379,-57.5597697,0986 558040,,5,6,
clothing_store,Selfie Boutique,"Angel Iribas, Asunción 001223, Paraguay",Asunción,,-25.3002139,-57.6221445,0993 351497,https://www.instagram.com/selfieboutiquepy,3.9,55,
clothing_store,USA ROPA AMERICANA PARAGUAY,"QF52+6F5, Azahares casi, Asunción 001507, Paraguay",Asunción,,-25.2410894,-57.54190919999999,0974 537711,https://www.instagram.com/usaropaamericanapy?igsh=MWFkZjdxc2hoenA0NQ==&utm_source=qr,4.9,31,
clothing_store,FAENZA,"PCCJ+WCJ, Asunción 001527, Paraguay",Asunción,,-25.277654,-57.5689939,0981 327800,,4.6,56,
clothing_store,Tienda Orange Py,"Capitán Lombardo casi, Tte. Gregorio Narváez 1796, Asunción 2060, Paraguay",Asunción,,-25.2674279,-57.58641489999999,0986 302682,https://www.instagram.com/tiendaorangepy/,5,1,
electronics_store,Visuar Paraguay,"Cacique Arecayá 226, Asunción 001427, Paraguay",Asunción,,-25.3196873,-57.56900210000001,(021) 500 990,https://visuar.com.py/,4.4,208,
electronics_store,Shopping A&C Electronica,"P92H+J7H Zona Mercado 4, Mayor Fleitas Esquina, Asunción 001224, Paraguay",Asunción,,-25.2984597,-57.62174509999999,0985 864209,http://ayc.com.py/,4.3,135,
electronics_store,Cellshop Importados Paraguay - Asunción,"Professor Delia Frutos, Asunción 001529, Paraguay",Asunción,,-25.2830228,-57.5654954,0994 193150,http://www.cellshop.com.py/,4.1,596,
electronics_store,TecnoStore,"Asunción 001410, Paraguay",Asunción,,-25.2856007,-57.5635559,0971 527000,http://www.tecnostore.com.py/,5,3142,
electronics_store,HO ELECTRONICA SRL,"Asunción 001224, Paraguay",Asunción,,-25.2988035,-57.62154659999999,0983 313326,http://www.hoelectronica.com.py/,4.3,22,
electronics_store,La Electrotienda,"Teniente Héctor Vera 1641 entre, Av. Gral. José de San Martín y, Wieden 001409, Paraguay",Wieden,,-25.2886335,-57.5723218,(021) 662 716,http://www.instagram.com/laelectrotienda,4.3,144,
electronics_store,JL STORE,"Gral Diaz entre 14 De Mayo y, Galeria Asuncion Super Centro Planta baja Local, 15 De Agosto 143, Asunción 2222, Paraguay",Asunción,,-25.2824743,-57.6384963,0982 954451,https://linktr.ee/JLST,4.8,53,
establishment,Asia Electrónica,"Gral. José María Bruguéz 1130, Asunción 001225, Paraguay",Asunción,,-25.2996637,-57.6201505,0984 802704,http://asiameri2008.wixsite.com/tienda,4.4,23,
establishment,TecnoStore,"Central House Villamorra, Charles De Gaulle 235 c, Asunción 001412, Paraguay",Asunción,,-25.294487,-57.57986270000001,(021) 612 806,https://tecnostore.com.py/v2/,4.8,6846,
electronics_store,Cyber El Bosque,"PCR6+QW8, Asunción 001517, Paraguay",Asunción,,-25.2581087,-57.5877018,0992 268771,,4.4,162,
electronics_store,Multimedia S.R.L. Computers & Electronics,"Ntra. Sra. de la Asunción 931, Asunción 001101, Paraguay",Asunción,,-25.2875894,-57.637939,(021) 496 290,,4.5,131,
establishment,Phone Shop py,"Av. Gral. José de San Martín, Asunción 001410, Paraguay",Asunción,,-25.2872855,-57.5719356,0985 937635,https://phone-shop-py.localo.site/,4.6,37,
electronics_store,Central Store Paraguay SRL,"Pai Perez 318 casi, Asunción 001218, Paraguay",Asunción,,-25.2900367,-57.62126850000001,0961 311666,,5,1,
electronics_store,Soundata S.A.,"Palma 633, Asunción 001013, Paraguay",Asunción,,-25.2804667,-57.63799059999999,0976 998937,,4.5,275,
electronics_store,Nissei,"Av. España 1261, Asunción 001529, Paraguay",Asunción,,-25.2852304,-57.5769497,(061) 500 115,http://www.nissei.com/,4.8,19029,
electronics_store,Melon Electronics,"Palma 645 casi, Asunción 001011, Paraguay",Asunción,,-25.2804325,-57.6378879,0992 858754,,4.1,17,
electronics_store,Aravera Electrónica,"Palma, Asunción 001013, Paraguay",Asunción,,-25.2802405,-57.6379027,0985 968145,,3.9,32,
electronics_store,Electrónica Sarabia,"P96C+4WG, Herrera, Asunción 001220, Paraguay",Asunción,,-25.2896857,-57.6276854,(021) 206 517,,4.4,60,
electronics_store,El Triunfo Electronicos,"Av. Doctor Josè Gaspar Rodriguez de Francia, velasco y, Asunción 001223, Paraguay",Asunción,,-25.298748,-57.6245819,0982 265008,https://www.facebook.com/ElTriunfopy/%20%20%20%20?locale=es_LAEL%20TRIUNFO%20(@eltriunfopy)%20%E2%80%A2%20Instagram%20photos%20and%20videos,4,42,
electronics_store,CompuMarket,"Av. Aviadores del Chaco, Asunción 001529, Paraguay",Asunción,,-25.2828559,-57.56667429999999,0982 986513,https://www.compumarket.com.py/,4.1,537,
establishment,Home Expert,"106 c, Av. Proceres De Mayo, Asunción 001223, Paraguay",Asunción,,-25.2996124,-57.6217182,(021) 211 996,https://www.homeexpert.com.py/,4.7,1229,
establishment,Home Decor Importaciones 🇵🇾,"110302, Asunción 110302, Paraguay",Asunción,,-25.3019928,-57.5401992,0982 620200,,3.4,13,
establishment,Joy Store,"Julio Correa 429 casi, Asunción 001520, Paraguay",Asunción,,-25.2717293,-57.5650785,0981 916707,,4.8,6,
establishment,ZARA HOME,"Asunción 001410, Paraguay",Asunción,,-25.2848385,-57.56354210000001,0994 351227,https://www.zarahome.com/py,3.9,16,
establishment,Plaza Hogar - Stma. Trinidad,"Ave Santisima Trinidad casi, Asunción 001521, Paraguay",Asunción,,-25.2691927,-57.5638532,(021) 281 783,https://www.plazahogar.com.py/,4.6,370,
establishment,Classic Home,"Gral. José de San Martín 1260, Asunción 001529, Paraguay",Asunción,,-25.2835738,-57.57122309999999,0981 780002,https://www.classichome.shop/,4.2,25,
establishment,Plaza Home Furniture Division,"Av. Gral. José de San Martín 675, Asunción 001411, Paraguay",Asunción,,-25.2901638,-57.57419789999999,(021) 614 860,https://www.plazahogar.com.py/,4.3,477,
establishment,Circa Home,"San Juan XXIII 1546, Asunción 001529, Paraguay",Asunción,,-25.2814549,-57.5684359,0983 777918,,4.5,12,
establishment,Casa Americana - Asunción,"Av. Sta. Teresa 1827, Asunción 001410, Paraguay",Asunción,,-25.2847299,-57.5635388,0973 432011,http://www.casaamericana.com.py/,4.3,82,
establishment,TL Home,"Prof.ª Delia Frutos de González, Asunción 001529, Paraguay",Asunción,,-25.2828985,-57.5655227,0994 711511,https://www.tlhome.com.py/,4.6,14,
establishment,HOLY HOME,"Av. Gral. José de San Martín casi, Asunción 001529, Paraguay",Asunción,,-25.2828562,-57.570938,0994 206207,http://www.holyhome.com.py/,5,12,
establishment,CASA 1133,"Cesar Lopez Moreira 1133 casi, Asunción 001527, Paraguay",Asunción,,-25.2787422,-57.5689052,0986 546192,,5,2,
establishment,whims home Paraguay,"Av. España casi, Asunción 001518, Paraguay",Asunción,,-25.2866703,-57.57243489999999,0971 164745,,0.0,0,
establishment,Blessed Home,"Comandante Salaskin 565, Asunción 001411, Paraguay",Asunción,,-25.2887877,-57.5812018,,,5,2,
establishment,Benavé Home,"Julio Correa 429, Asunción 001521, Paraguay",Asunción,,-25.2715606,-57.5649666,0991 680317,,4.2,5,
establishment,Cozy Home,"Papa Juan XXIII 1117 casi, Asunción 1766, Paraguay",Asunción,,-25.2799312,-57.5745167,0981 619538,https://www.instagram.com/cozyhomepy,0.0,0,
establishment,Ashley Homestore Paraguay,"Av. España, Asunción 1535, Paraguay",Asunción,,-25.2864009,-57.5897945,0986 169219,,4.4,8,
establishment,MERCI Kitchen & Table Top,"Av. Aviadores del Chaco 3100, Asunción 001401, Paraguay",Asunción,,-25.2788385,-57.5558973,0984 462709,https://www.instagram.com/mercipy/?hl=es-la,4.3,6,
establishment,CASA BENTO,"Av. Aviadores del Chaco 3536, Asunción 001401, Paraguay",Asunción,,-25.2769579,-57.5500058,0981 500350,http://www.casabento.com.py/,4.5,1039,
establishment,Ferretería Jack 24hs,"P86V+932, Av. Carlos Antonio López, Asunción 001005, Paraguay",Asunción,,-25.2891058,-57.6573443,0981 481287,,4.6,242,
establishment,Ferrex - Trinidad,"Av. Santísima Trinidad, Asunción 001520, Paraguay",Asunción,,-25.2637689,-57.572957,(021) 237 6970,http://www.ferrex.com.py/,4.4,2041,
establishment,Ferretería DJ,"Ace. San Martín casi, Asunción 001527, Paraguay",Asunción,,-25.2767632,-57.5679379,0974 178670,,4.4,170,
establishment,HERRAMIENTAS TOTAL,"Av. Aviadores del Chaco casi, Asunción 001526, Paraguay",Asunción,,-25.2790296,-57.5571273,0982 124618,https://herramientastotal.com.py/,4.7,87,
establishment,Ferrex,"Angel R Espinoza, Asunción 001420, Paraguay",Asunción,,-25.3119239,-57.58590640000001,(021) 237 6970,http://www.ferrex.com.py/,4.3,6517,
establishment,Ferretería San Pío,"Av. Gral. José Gervasio Artigas, Asunción 001532, Paraguay",Asunción,,-25.260813,-57.58980700000001,(021) 292 278,,4.6,69,
establishment,La Casa de los Herrajes S. R. L.,"Av. Gral. José Gervasio Artigas 2034, Asunción 1416, Paraguay",Asunción,,-25.2701328,-57.60226189999999,(021) 294 165,,4.3,89,
establishment,Atlantic Casa Central,"R.I.18 Pitiantuta esquina, Asunción 001419, Paraguay",Asunción,,-25.3127526,-57.5707657,(021) 517 0000,http://www.atlantic.com.py/,4.2,880,
establishment,Ferretería Dominicana,"República Dominicana, esquina, San Antonio 1298, Asunción 001204, Paraguay",Asunción,,-25.2775821,-57.60599209999999,(021) 227 650,https://www.facebook.com/ferreteriadominicana,4.3,225,
establishment,Sauce Materiales de Construcción,"PCRC+WM6, Del Espíritu Santo, Asunción 001519, Paraguay",Asunción,,-25.2577123,-57.578361,(021) 298 630,https://www.facebook.com/saucemateriales/,4.3,79,
establishment,Ferretería INTERNACIONAL,"Asunción 001430, Paraguay",Asunción,,-25.3324678,-57.57652419999999,(021) 503 115,,4.4,1146,
establishment,HG Ferreteria,"Av. Gral. José Gervasio Artigas, Asunción 001516, Paraguay",Asunción,,-25.2651723,-57.59621989999999,,,4.8,25,
establishment,Ferreteria acuario,"PCW9+CQG, Av. Gral. José Gervasio Artigas, Asunción 001519, Paraguay",Asunción,,-25.2539337,-57.5805604,0982 909861,,3.8,10,
establishment,Todo Ferretería & más Choferes del Chaco,"Av. Choferes Del Chaco 734 casi, Asunción 001413, Paraguay",Asunción,,-25.2951601,-57.5923548,0974 851388,,4.5,139,
establishment,Ferreteria Ñu Guazu,"Av. Aviadores del Chaco 3786, Asunción 001401, Paraguay",Asunción,,-25.2760655,-57.5473684,(021) 605 722,,4.6,249,
establishment,Ferretería Trinidad,"PCV7+2PM, Av. Gral. José Gervasio Artigas, Asunción 001517, Paraguay",Asunción,,-25.2574075,-57.5856898,(021) 292 417,,3.9,63,
establishment,Cerrajería 24 horas Asunción Paraguay,"Oliva 925, Asunción 001012, Paraguay",Asunción,,-25.2802463,-57.6413987,0983 475111,,4.8,148,
establishment,Lincoln,"Av. Eusebio Ayala 3116 c, Nazareth 001422, Paraguay",Nazareth,,-25.3106419,-57.5912487,(021) 553 875,http://lincoln.com.py/,4.5,1129,
establishment,Ferreteria FerreShop,"Av. Eusebio Ayala 4599, Asunción 001419, Paraguay",Asunción,,-25.3163155,-57.5704422,0986 114040,http://www.ferreshop.com.py/,4.3,68,
establishment,SoulHome By Paraná Decor,"Av. Gral. José de San Martín 1289, Asunción 001527, Paraguay",Asunción,,-25.2798172,-57.5709435,0981 753034,https://www.paranadecor.com.py/,4.5,24,
establishment,Galeria Bonita,"Senador Huey Pierce Long &, Teniente Héctor Vera, Asunción 001411, Paraguay",Asunción,,-25.286714,-57.5765849,0983 515434,https://www.galeriabonita.com.py/,4.7,17,
establishment,CASA VIVA Interiores,"Av. Gral. José de San Martín y, Asunción 001529, Paraguay",Asunción,,-25.2823035,-57.5709343,(021) 611 977,,4.4,113,
establishment,Sueñolar Casa Matriz,"Av. España 2045, Asunción 001207, Paraguay",Asunción,,-25.2882074,-57.6009683,0983 171727,https://www.suenolar.com.py/,4.4,114,
establishment,Sierra Decor,"Av. Gral. José de San Martín 1311, Asunción 1749, Paraguay",Asunción,,-25.2828865,-57.5714838,0972 822094,http://www.sierra.com.br/es,4.6,37,
establishment,Area Design Paraguay,"Avenida Doctor Felipe Molas López, &, Asunción 001527, Paraguay",Asunción,,-25.2757087,-57.5671244,0982 166713,https://areadesign.com.py/,5,6,
establishment,Casa de Sofas,"Julio Correa 429, Asunción 001520, Paraguay",Asunción,,-25.2716883,-57.56517359999999,0991 680317,,4,16,
establishment,HIDALGO MUEBLES,"y, Hernandarias 925, Asunción 001131, Paraguay",Asunción,,-25.2829096,-57.64593350000001,(021) 492 441,,4.4,222,
establishment,Sulit Modern Furniture,"Av. Gral. Bernardino Caballero 620, Asunción 001227, Paraguay",Asunción,,-25.2988784,-57.6084268,0983 927422,http://www.sulit.com.py/,4,4,
establishment,Florense Asunción,"Av. España 231, Asunción 001530, Paraguay",Asunción,,-25.2862027,-57.5873089,(021) 662 378,https://www.florense.com.br/es,4.7,26,
establishment,Achon Muebles,"MCXM+WJG, Av. Mariscal López, Asunción 001407, Paraguay",Asunción,,-25.3001829,-57.5659652,(021) 607 999,http://www.achon.com.py/,4.4,377,
establishment,Briart Deco,"Darío Gómez Serrato 1.530 casi, Asunción 0000, Paraguay",Asunción,,-25.2642038,-57.5601654,0981 167464,https://www.instagram.com/briartdeco/,5,13,
establishment,Nuestra Casa Asunción,"Avda. Eusebio Ayala c, Av. Médicos del Chaco, Asunción 001231, Paraguay",Asunción,,-25.3085558,-57.5971254,0994 779000,,3.8,190,
establishment,LUGARO SACI,"Av. España esq, Asunción 001411, Paraguay",Asunción,,-25.2863661,-57.5867824,(021) 660 213,http://www.lugaro.com.py/,4.8,16,
establishment,muebleria y fábrica de sofas EL FABRICANTES,"MC87+4P6, Maká, Asunción 001432, Paraguay",Asunción,,-25.3347225,-57.58572110000001,0984 507242,,4.8,8,
establishment,Living Room Muebles Asuncion,"Av. Sta. Teresa 2701, Asunción 001402, Paraguay",Asunción,,-25.2861551,-57.55805469999999,0971 880905,http://www.livingroom.com.py/,3.7,3,
establishment,Fabricante Muebles,"República de Colombia, Asunción 001221, Paraguay",Asunción,,-25.2960658,-57.6278985,0983 780446,https://linktr.ee/fabricantemueblespy,4.4,74,
establishment,SyroCco S.A. - Sucursal Villa Morra,"De Las Palmeras 4690, Asunción 001414, Paraguay",Asunción,,-25.3020802,-57.5880907,0985 176072,http://www.syrocco.com.py/,4.6,72,
bank,ueno bank - Centro de experiencia Asunción,"Av. Sta. Teresa N° 1827, Asunción 001410, Paraguay",Asunción,,-25.2840915,-57.5635901,(021) 618 8000,https://www.ueno.com.py/,2.3,693,
bank,Central Bank of Paraguay,"Federación Rusa y, Asunción 1767, Paraguay",Asunción,,-25.2787883,-57.57529719999999,(021) 608 011,http://www.bcp.gov.py/,4.5,173,
bank,GNB Bank,"PC48+W9X, Av. Mariscal López, Asunción 001412, Paraguay",Asunción,,-25.2926339,-57.58402679999999,(061) 83000,https://www.bancognb.com.py/,3.8,154,
bank,ueno bank x Trinidad,"Av. Santísima Trinidad esquina, Asunción 001519, Paraguay",Asunción,,-25.2588274,-57.579642,(021) 618 8000,http://www.ueno.com.py/,3.8,65,
bank,ueno bank MATRIX,"Av. Sta. Teresa, Asunción 001410, Paraguay",Asunción,,-25.2894519,-57.5543115,(021) 618 8000,https://www.ueno.com.py/,4.3,186,
bank,Banco BASA,"Av. Aviadores del Chaco, Asunción 001410, Paraguay",Asunción,,-25.2860812,-57.5702189,(021) 618 7070,https://www.bancobasa.com.py/,4.1,63,
bank,ueno bank x Villa Morra,"Av. Mariscal López esq, Asunción 001411, Paraguay",Asunción,,-25.2937904,-57.58016110000001,(021) 618 8000,http://www.ueno.com.py/,4,62,
bank,ueno bank x Julio Correa,"Julio Correa casi, Asunción 001526, Paraguay",Asunción,,-25.2726326,-57.56564009999999,(021) 618 8000,https://www.ueno.com.py/,4.8,82,
bank,Banco GNB,"Av. Aviadores del Chaco 2351, Asunción 001527, Paraguay",Asunción,,-25.2830262,-57.5637487,(021) 618 3000,http://www.bancognb.com.py/,3.8,39,
bank,Banco Sudameris,"Avenida Mcal. Francisco S. López y, Asunción 1412, Paraguay",Asunción,,-25.2943469,-57.58009070000001,4166000,http://www.sudameris.com.py/,3.2,42,
bank,ueno bank x Denis Roa,"Denis Roa, Asunción 001407, Paraguay",Asunción,,-25.2974003,-57.5629521,(021) 618 8000,http://www.ueno.com.py/,3.8,53,
bank,BNF - Banco Nacional de Fomento (Casa Central),"Independencia Nacional, Asunción 001101, Paraguay",Asunción,,-25.2837357,-57.6342578,(021) 413 9000,http://www.bnf.gov.py/,3.8,156,
bank,Banco Continental,"PCR7+VCH, Asunción 001517, Paraguay",Asunción,,-25.2578204,-57.58639049999999,,,3.5,24,
bank,Banco Itaú Paraguay SA,"Asunción 001529, Paraguay",Asunción,,-25.2828598,-57.56679029999999,(021) 617 2540,http://www.itau.com.py/,3.5,51,
bank,Banco Continental S.A.E.C.A.,"Gral Eugenio Alejandrino Garay & Av. Mariscal López, PC58+6CQ, Asunción 001411, Paraguay",Asunción,,-25.2919115,-57.58389,(021) 627 4000,,3.6,114,
bank,Citi,"PC4C+592, Cruz Del Chaco, Asunción 001412, Paraguay",Asunción,,-25.2946219,-57.5791246,,,4,67,
bank,ueno bank x EEUU,"Av. Estados Unidos esq, Asunción 001219, Paraguay",Asunción,,-25.2905798,-57.6286205,(021) 618 8000,http://uenobank.com.py/,3.8,34,
bank,Banco Sudameris,"Independencia Nacional 513, Asunción 001101, Paraguay",Asunción,,-25.2841144,-57.6346174,4166000,http://www.sudameris.com.py/,3.2,77,
bank,ueno bank x Multiplaza,"Av. Eusebio Ayala 4501, Asunción 001419, Paraguay",Asunción,,-25.3167232,-57.5719858,(021) 618 8000,https://www.ueno.com.py/,3.9,116,
bank,Banco Itau Casa Matriz,"Oliva y, Asunción 001101, Paraguay",Asunción,,-25.2831968,-57.6362321,(021) 617 1000,https://www.itau.com.py/,2.7,78,
atm,Cajero DINELCO,"PCQF+MG3, Asunción 001521, Paraguay",Asunción,,-25.2608669,-57.57619649999999,(021) 413 9000,https://www.bnf.gov.py/,4,4,
atm,Cajero itau,"PCJ8+XR8, Asunción 001531, Paraguay",Asunción,,-25.2675223,-57.58270950000001,,,5,2,
atm,TED-Wepa,"Genaro Romero esq, Asunción 001531, Paraguay",Asunción,,-25.2687431,-57.578798,(021) 618 8003,https://www.wepa.com.py/,0.0,0,
atm,TED-Wepa,"Sacramento y, Asunción 001519, Paraguay",Asunción,,-25.2587492,-57.5796047,(021) 618 8003,https://www.wepa.com.py/,0.0,0,
atm,Cajero electronico Itaú,"PCGH+VPR, Asunción 001528, Paraguay",Asunción,,-25.2727502,-57.57073279999999,,,0.0,0,
atm,Itau,"PCH8+45V, Asunción 001534, Paraguay",Asunción,,-25.2721285,-57.5845929,,,5,1,
atm,ATM Sudameris Mburucuya,"PCJP+6M2, Av. Santísima Trinidad, Asunción 001525, Paraguay",Asunción,,-25.2694866,-57.56335779999999,(021) 416 6000,,0.0,0,
atm,TED-Wepa,"Ntra. Sra. del Carmen casi, Asunción 001530, Paraguay",Asunción,,-25.279605,-57.5812512,(021) 618 8003,https://www.wepa.com.py/,5,1,
atm,TED-Wepa,"Av. Santísima Trinidad casi, Asunción 001521, Paraguay",Asunción,,-25.2686087,-57.5654562,(021) 618 8003,https://www.wepa.com.py/,0.0,0,
atm,Cajero Regional IPS,"PCH9+3MR, Asunción 001531, Paraguay",Asunción,,-25.2722534,-57.580848,,,0.0,0,
atm,TED-Wepa,"Julio Correa y, Asunción 001526, Paraguay",Asunción,,-25.27263,-57.5656452,(021) 618 8003,https://www.wepa.com.py/,0.0,0,
atm,TED-Wepa,"Av. Gral. José de San Martín casi, Asunción 001527, Paraguay",Asunción,,-25.2760363,-57.56770150000001,(021) 618 8003,https://www.wepa.com.py/,0.0,0,
atm,ATM Sudameris Sanat. Bautista,"Campos Cervera 5425, Asunción 001416, Paraguay",Asunción,,-25.298515,-57.5787381,(021) 416 6000,,1,2,
atm,TED-Wepa,"Av. Primer Presidente casi, Asunción 001522, Paraguay",Asunción,,-25.2623851,-57.56046010000001,(021) 618 8003,https://www.wepa.com.py/,0.0,0,
establishment,stock artigas,"PCW9+3PJ, Av. Gral. José Gervasio Artigas, Asunción 001519, Paraguay",Asunción,,-25.2547798,-57.58073419999999,0985 462193,https://www.stock.com.py/,3.9,71,
atm,TED-Wepa,"Ruta Tranchaco casi, Asunción 001519, Paraguay",Asunción,,-25.2559621,-57.57178489999999,(021) 618 8003,https://www.wepa.com.py/,0.0,0,
atm,ATM Sudameris Bank,"PC75+CP3, Asunción 001535, Paraguay",Asunción,,-25.2864923,-57.5907065,,,2,2,
atm,Cajero Banco Itau,"PC6J+J8G, Austria, Asunción 001410, Paraguay",Asunción,,-25.2884294,-57.56916949999999,(021) 617 1000,http://www.itau.com.py/,5,2,
atm,TED-Wepa,"Av. Gral. José Gervasio Artigas esq, Asunción 001516, Paraguay",Asunción,,-25.2651042,-57.59639840000001,(021) 618 8003,https://www.wepa.com.py/,0.0,0,
atm,Continental Bank ATM,"casi, Alberdi & Humaita, P976+RPH, Asunción 001101, Paraguay",Asunción,,-25.2854268,-57.63813339999999,,,2.5,4,
establishment,Dirección Nacional de Correos del Paraguay,"P998+P27, 25 de Mayo, Asunción 001013, Paraguay",Asunción,,-25.2807031,-57.634961,(021) 498 113,http://www.correoparaguayo.gov.py/,2.7,139,
establishment,Post Courier,"Tte 1350, Asunción 001230, Paraguay",Asunción,,-25.3074133,-57.5977591,(021) 208 1301,http://www.post-courier.com.py/,4.3,6,
establishment,DINACOPA Correo Paraguayo,"P998+P27, Asunción 001013, Paraguay",Asunción,,-25.2807149,-57.63496029999999,(021) 493 783,http://www.correoparaguayo.gov.py/,2.6,129,
establishment,DHL Express Punto de Venta (Paseo La Galeria),"estacionamiento 1, Av. Sta. Teresa, Asunción 001410, Paraguay",Asunción,,-25.2842976,-57.5622902,0972 267041,https://locator.dhl.com/results?address=id:ASUD04&language=en&lc=PY&resultUom=km&clientAppCode=GYD,4.5,157,
establishment,"Dirección de Correos, Central de Encomiendas - DINACOPA","P99M+Q69, Av. Gral. José Gervasio Artigas, Asunción 001216, Paraguay",Asunción,,-25.2805983,-57.616894,(021) 200 788,http://www.correoparaguayo.gov.py/,1.8,40,
establishment,DHL Express Punto de Venta (Casa Matriz),"Av Gral Máximo Santos 1170, Asunción 1429, Paraguay",Asunción,,-25.2793923,-57.6095564,(021) 216 2000,https://locator.dhl.com/results?address=id:ASUAS1&language=en&lc=PY&resultUom=km&clientAppCode=GYD,4.3,596,
establishment,Upostal,"P96W+8WF, Asunción 001208, Paraguay",Asunción,,-25.2891875,-57.60268749999999,(021) 203 004,,5,3,
establishment,DHL Express Punto de Venta (Centro),"Independencia Nacional 375, Entre Palma Y, Asunción 1209, Paraguay",Asunción,,-25.2831297,-57.633976,0982 838035,https://locator.dhl.com/results?address=id:ASUAS2&language=en&lc=PY&resultUom=km&clientAppCode=GYD,4.3,212,
establishment,UPS Paraguay,"Independencia Nacional 821, Asunción 001101, Paraguay",Asunción,,-25.286638,-57.6364268,(021) 451 960,http://www.ups.com/,2.7,117,
establishment,PuntoBox Paraguay,"Av. Aviadores del Chaco 2864, Asunción 2060, Paraguay",Asunción,,-25.2806254,-57.5592421,0981 515793,http://www.puntobox.com.py/,4.2,39,
establishment,Citipostal Express,"P94J+W79, Rca. Francesa, Asunción 001224, Paraguay",Asunción,,-25.292711,-57.6192793,(021) 222 487,,4.1,43,
establishment,FastBox,"esquina, Asunción 001534, Paraguay",Asunción,,-25.2843332,-57.5902784,(021) 728 9061,http://www.fastbox.com.py/,4.4,528,
establishment,Asunción Box Zona Terminal,"Mencia de Sanabria 191, Asunción 001314, Paraguay",Asunción,,-25.3274925,-57.59712039999999,(021) 562 808,,3.2,49,
establishment,Lavandería Luxe Clean,"Dr. Molas López, Asunción 001527, Paraguay",Asunción,,-25.2796033,-57.5609866,0974 200495,,5,16,
establishment,LAVANDERÍA LAVAFÁCIL,"San Juan XXIII 1818, Asunción 001529, Paraguay",Asunción,,-25.2818607,-57.56531559999999,0974 380001,https://lavafacil.com.py/,4.9,30,
establishment,Laundrix,"Av. Aviadores del Chaco 2587, Asunción 001527, Paraguay",Asunción,,-25.2821289,-57.561906,0971 262692,,4.8,41,
establishment,Johéi Lavandería de Autoservicio,"PCRM+97V, Av. Primer Presidente, Asunción 001521, Paraguay",Asunción,,-25.259013,-57.5668399,,https://www.instagram.com/johei.py?igsh=MTVqdWQ4bXVjYWNhbg==,4.1,37,
establishment,Lavandería Domy®,"Pai Perez &, Tte. Fariña, Asunción 001221, Paraguay",Asunción,,-25.2956155,-57.6258408,0981 167859,,5,161,
establishment,Tintorería Breeze&Co - Suc. Julio Correa,"Julio Correa N° 279 casi, Asunción 001521, Paraguay",Asunción,,-25.2731791,-57.566059,0986 700275,http://www.breeze.com.py/,4.7,45,
establishment,Lavandería y Tintorería Kuñataí,"Concejal Vargas 391 entre, Del Maestro y, Andrade 001406, Paraguay",Andrade,,-25.3006475,-57.5603278,0984 812605,http://www.lavanderiaytintoreriakunatai.com/,4.7,57,
establishment,Lavanderia WashUp,"Tacuary 470, Asunción Departamento Central 1511, Paraguay",Asunción Departamento Central,,-25.286605,-57.62900999999999,0986 472712,https://www.facebook.com/VVashUp/?fref=ts,4.7,22,
establishment,Lavantti,"23 de octubre casi, Moisés Bertoni 437, Asunción 0014, Paraguay",Asunción,,-25.2878034,-57.58695729999999,0981 298799,,4.9,14,
establishment,Impecable Tintorería y Lavandería - Sucursal San Martín,"Av. Gral. José de San Martín y, Asunción 001527, Paraguay",Asunción,,-25.2768745,-57.5685918,0971 771287,https://www.impecabletintoreria.com.py/,4.3,11,
establishment,Mr Jeff,"Federación Rusa 1274, Asunción 001527, Paraguay",Asunción,,-25.2800055,-57.57128059999999,0991 858321,https://jeff.com/py/mrjeff/store/asuncion-federacionrusa/?utm_source=localistico&utm_medium=localistico&utm_campaign=py,4.4,81,
establishment,House Laundry,"Palo Santo, Asunción 001506, Paraguay",Asunción,,-25.2399109,-57.5413867,0982 080412,,5,3,
establishment,Super Wash - Lavandería y Tintorería,"Dr. Francisco Morra 590 c, Asunción 001411, Paraguay",Asunción,,-25.2903872,-57.576456,0993 351000,,4.4,8,
establishment,Lavandería Mr. JOM,"Pacheco, Gral. Eduardo Torreani Viera 4680 esquina, Asunción 001413, Paraguay",Asunción,,-25.297222,-57.586804,0981 102076,,4.8,6,
establishment,Clean house Paraguay,"Viuda de las Llanas 3551, Asunción 001517, Paraguay",Asunción,,-25.257755,-57.58986909999999,(021) 601 708,https://www.casaclean.com.py/,4.8,355,
establishment,Lavandería - LAVEMAR,"Tte. 1ro. Francisco Niedebergen, Asunción 001206, Paraguay",Asunción,,-25.2743149,-57.59746399999999,0982 104159,https://instagram.com/lavanderialavemar01?igshid=ZGUzMzM3NWJiOQ==,4.8,18,
establishment,Clean Master - Lavandería y Tintorería,"Pitiantuta 444, Asunción 001208, Paraguay",Asunción,,-25.2890052,-57.60578450000001,0982 555590,https://www.instagram.com/cleanmaster.py,4.6,44,
establishment,"ECO Luxe Studio Restauración de cueros, pieles y textiles","Jaime Bestard, Asunción 001402, Paraguay",Asunción,,-25.2844981,-57.5568574,0984 995366,https://wa.me/595984995366,4.9,126,
establishment,Lavandería Señoritas (Barrio Herrera),"Manuel Talavera 434, Asunción 001405, Paraguay",Asunción,,-25.3020964,-57.55609579999999,0986 818880,,4.9,44,
establishment,Tintorería Española - Casa Central,"Av. Dr. Guido Boggiani 6260, Asunción 001416, Paraguay",Asunción,,-25.3005509,-57.56734319999999,0976 928224,https://tintoreriaespanola.com.py/,4.8,121,
