name,type,lat,lng,address,phone,rating,reviews
Embassy of the United States,embassy,-25.2961879,-57.60477859999999,"Av. Mariscal López, Asunción 001228, Paraguay",(021) 213 715,4.5,183
Spanish Embassy in Paraguay,embassy,-25.2912251,-57.6170853,"Eligio Ayala, P95M+G53 001224, &, Asunción 001224, Paraguay",0972 431100,4.3,45
Embassy of Argentina,embassy,-25.2853609,-57.6169845,"P97M+V62, Av. España, Asunción 001217, Paraguay",(021) 212 320,4.5,80
Consulate General of Argentina,embassy,-25.2830584,-57.5637017,"4th floor, Av. Aviadores del Chaco 2351, Asunción 001527, Paraguay",,3.8,139
Embassy of Peru,embassy,-25.282206,-57.56914769999999,"Cesar Lopez Moreira 812, Asunción 001529, Paraguay",(021) 606 460,3,18
Embassy of Chile,embassy,-25.2997953,-57.5755331,"Capitán Nudelman 351, Asunción 001416, Paraguay",(021) 600 671,4,66
Brazilian Embassy,embassy,-25.29012,-57.6186669,"esquina, Eligio Ayala & Tte. Cnel. Irrazabal, P95J+XG4, Asunción 001224, Paraguay",(021) 248 4000,4.6,84
Embajada y Consulado de Costa Rica en Paraguay.,embassy,-25.2845057,-57.5571283,"Jaime Bestard 2732, Asunción 001402, Paraguay",(021) 600 554,4.8,6
Consulate General of Brazil,embassy,-25.292625,-57.61663850000001,"Av. Mariscal Estigarribia, nº 1856, Bairro, Asunción 001224, Paraguay",(021) 232 000,4.7,126
Embassy of Ecuador,embassy,-25.2783331,-57.58388530000001,"Dr. Antonio Bestard 861 esq, Asunción 001530, Paraguay",(021) 614 814,4.7,16
Mexico's embassy,embassy,-25.2860863,-57.57480409999999,"Av. España 1428, Asunción 001411, Paraguay",(021) 618 2000,4.4,58
Embajada de Cuba en Paraguay,embassy,-25.2841417,-57.6000147,"Luis Morales entre Fray Luis de León y Fray Luis de Granada, P98X+8XX, Asunción 001207, Paraguay",(021) 222 763,4.3,35
Embassy of Colombia,embassy,-25.2810611,-57.5682868,"PC9J+HMG, San Juan XXIII, Asunción 001527, Paraguay",(021) 661 144,4.8,49
Embassy of the Dominican Republic in Paraguay,embassy,-25.2917133,-57.6148475,"Juan Manuel Frutos Pane, Asunción 001209, Paraguay",(021) 213 143,4,6
Embassy of South Korea,embassy,-25.299799,-57.580291,"Av. República Argentina 678, Asunción 001412, Paraguay",(021) 605 606,4.5,35
Consulado General De Países Bajos En Paraguay,embassy,-25.2534682,-57.5804297,"PCW9+JR8, Av. Gral. José Gervasio Artigas, Asunción 001518, Paraguay",,4.3,4
Embajada y Consulado de India en Paraguay,embassy,-25.3125591,-57.5843381,"MCP8+X7F, Av. Eusebio Ayala, Asunción 001420, Paraguay",(021) 660 115,3.7,3
Japanese Embassy,embassy,-25.2910169,-57.59344229999999,"Av. Mariscal López 2364, Asunción 001412, Paraguay",(021) 604 616,4.7,61
Embassy of Bolivia,embassy,-25.2924017,-57.61214039999999,"P95Q+24Q, Rio De Janeiro, Asunción 001209, Paraguay",(021) 211 430,4.4,34
Embajada de la India,embassy,-25.2952218,-57.60679020000001,"P93V+W78, Av. Gral. Bernardino Caballero, Asunción 001228, Paraguay",(021) 237 8400,4.9,15
France embassy,embassy,-25.2862712,-57.61586130000001,"Avda General Santos 465 casi España, Asunción 001209, Paraguay",(021) 212 449,3.6,16
Embajada De Francia,embassy,-25.2923884,-57.60549249999999,"P95V+2RR, República Dominicana, Asunción 001208, Paraguay",,4.9,14
Embassy of Italy,embassy,-25.2981461,-57.5726838,"Quesada 5871, Asunción 001416, Paraguay",(021) 615 620,4.5,87
British Embassy Asunción,embassy,-25.2949427,-57.57935759999999,"Piso 5, Av. Mariscal López y, Asunción 1892, Paraguay",(021) 665 250,4.3,3
Embajada Británica,embassy,-25.2952218,-57.60679020000001,"P93V+W78, Av. Gral. Bernardino Caballero, Asunción 001228, Paraguay",,4.3,3
Foreign Ministry DGAE,embassy,-25.2812506,-57.63658239999999,"Edificio Benigno Lopez, Palma y, Asunción 001013, Paraguay",(021) 414 8000,3.8,59
Consulado de la República del Paraguay en Clorinda,embassy,-25.2905476,-57.7116913,"Av. 25 de Mayo 1396, P3610 Clorinda, Formosa, Argentina",03718 42-1988,4.3,39
Ministerio de Relaciones Exteriores de Paraguay,embassy,-25.2840877,-57.637612,"Alberdi &, P986+9X6, Eduardo Victor Haedo, Asunción 001101, Paraguay",(021) 414 8776,3.6,109
Consulado De Canadá,embassy,-25.2950389,-57.5791614,"Citicenter, Av. Mariscal Francisco Solano López 3794, Asunción 1982, Paraguay",(021) 227 207,4.9,19
Café Consulado,embassy,-25.279578,-57.638181,"Oleary esquina Local 7, 1210, Palma 299, Asunción 001013, Paraguay",0971 227665,4.5,1852
Consulado General Honorario de Suiza,embassy,-25.2957842,-57.58112059999999,"PC39+MHJ, Dr. Juan Eulogio Estigarribia, Asunción 001412, Paraguay",(021) 621 511,4.8,4
Consulado General De Austria,embassy,-25.2885682,-57.6084695,"Av. España 1522, Asunción 001208, Paraguay",(021) 225 022,4.9,10
Consulado peru,embassy,-25.276707,-57.5638754,"PCFP+FHM, Dr, Raúl Heisecke Ferreira, Asunción 001526, Paraguay",,5,21
Consulado Honorario de Portugal en Asunción,embassy,-25.2824735,-57.6380831,"14 De Mayo, Asunción 001013, Paraguay",(021) 451 950,2,4
Consulado General del Peru,embassy,-25.2849292,-57.6074758,"P98V+22C, República de Siria, Asunción 001208, Paraguay",,4.5,4
Consulado de Indonesia,embassy,-25.2856236,-57.5786097,"PC7C+QH2, Asunción 001411, Paraguay",(021) 600 628,4.7,6
Real Consulado General de Noruega,embassy,-25.2881651,-57.60365660000001,"Av. España 1885, Asunción 001208, Paraguay",(021) 221 492,5,3
Consulado Honorario de la República de Croacia en paraguay,embassy,-25.2869819,-57.6046153,"1780, Asunción 1780, Paraguay",0974 100406,0,0
Consulado Honorario de Suecia,embassy,-25.2705193,-57.6037584,"Av. Gral. José Gervasio Artigas 1945, Asunción 001202, Paraguay",,0,0
Consulado Honorario de la República Dominicana,embassy,-25.3130678,-57.606872,"Alonso Rodríguez 834 casi Caazapá, Parirí 834, Asunción 001234, Paraguay",(021) 551 187,1,1
Consulado de Lituania - Paraguay,embassy,-25.2965457,-57.5726925,"PC3G+9WM, Trifon Benitez Vera, Asunción 001408, Paraguay",0971 203600,5,2
Consulado Honorario del Reino Hachemita de Jordania,embassy,-25.2944827,-57.6068337,"Av. Gral. Bernardino Caballero 220, Asunción 001228, Paraguay",(021) 211 552,5,1
Consulado de Bélgica,embassy,-25.3486877,-57.46537259999999,"MG2M+GVC, Mariscal José Félix Estigarribia, Capiatá 110212, Paraguay",0228 633 327,4.6,13
Consulado de Jordania,embassy,-25.2849468,-57.6333466,"P988+2MC, Oliva, Asunción 001101, Paraguay",,4,1
Hospital Universitario Ntra. Ms. Asuncion,hospital,-25.2926352,-57.56190580000001,"Eusebio Lilio, Asunción 001409, Paraguay",(021) 729 0042,3.4,110
"Hospital San Jorge, Instituto Nacional de Cardiología ASUNCION",hospital,-25.2567786,-57.54655839999999,"Asunción 001509, Paraguay",(021) 292 532,4.2,214
Instituto de Previsión Social,hospital,-25.2714132,-57.58064459999999,"Santisimo Sacramento, Asunción 001531, Paraguay",(021) 290 136,3.2,636
Institute of Tropical Medicine,hospital,-25.2779394,-57.5932261,"PCC4+RPC, Asunción 001535, Paraguay",(021) 292 463,4.3,172
Hospital del Trauma Prof. Dr. Manuel Giagni,hospital,-25.3006664,-57.61293269999999,"M9XP+PRP, Av Gral Máximo Santos, Asunción 001227, Paraguay",(021) 204 800,3.9,175
Hospital San Pablo,hospital,-25.3208209,-57.5783017,"Asunción 001426, Paraguay",(021) 500 078,4,365
Clinical Hospital of San Lorenzo,hospital,-25.3234821,-57.5227777,"111421, Av. Mariscal López, San Lorenzo 111421, Paraguay",(021) 585 730,4,287
Hospital Materno Infantil Santisima Trinidad,hospital,-25.261057,-57.576069,"Itapua, Asunción 001521, Paraguay",(021) 290 165,3.5,114
Public Hospital Barrio Obrero,hospital,-25.2993306,-57.6445401,"P924+758, Av. Fulgencio Yegros, Asunción 001104, Paraguay",(021) 370 099,3.5,218
La Costa,hospital,-25.2729386,-57.6072885,"Av. Gral. José Gervasio Artigas 1500, Asunción 001202, Paraguay",(021) 217 1000,4,615
Sanatorio Migone,hospital,-25.288247,-57.62186000000001,"Eligio Ayala 1293, Asunción 1541, Paraguay",(021) 218 2000,3.5,279
Instituto Nacional de Enfermedades Respiratorias y del Ambiente Juan Max Boettner,hospital,-25.2749777,-57.59286170000001,"PCG4+2V2, Av. Venezuela, Asunción 001535, Paraguay",(021) 290 123,4.4,255
Sanatorio Italiano,hospital,-25.2880058,-57.5976957,"Av. España, Asunción 001207, Paraguay",(021) 214 260,3.7,144
Sanatorio Santa Barbara,hospital,-25.2585181,-57.58114680000001,"Alejandro Ravizza 263, Asunción 001519, Paraguay",(021) 299 388,3.8,99
Central Hospital,hospital,-25.2795969,-57.64574649999999,"Don Bosco 745, Asunción 001010, Paraguay",(021) 440 189,4.2,263
Hospital Materno Infantil Loma Pyta - Asunción,hospital,-25.2414517,-57.5444978,"QF53+QMV, Cap. H. C. Boris Dedoff, Asunción 001507, Paraguay",(021) 729 2000,3.8,71
Ex Hospital de Clinicas,hospital,-25.2798154,-57.65182970000001,"Tte. Pedro Rodi 2139, Asunción 001010, Paraguay",(021) 683 930,3.9,51
Hospital Psiquiátrico,hospital,-25.2795717,-57.59402850000001,"Av. Venezuela 1004, Asunción 001535, Paraguay",(021) 293 608,3.7,58
Sanatorio Santa Julia,hospital,-25.2763065,-57.5988742,"Av. Brasilia 1182, Asunción 001206, Paraguay",(021) 236 5000,3.5,178
Hospital,hospital,-25.2918532,-57.5616616,"Capitán Emeterio Miranda 1096, Asunción 001409, Paraguay",,4.1,107
Sanatorio Americano,hospital,-25.2862882,-57.61528889999999,"Av. España 935 c, Asunción 001209, Paraguay",(021) 200 226,4.4,59
Centro Médico Corppolive,hospital,-25.2553413,-57.5772593,"Santisimo Sacramento 3069, Asunción 001519, Paraguay",0971 568547,5,259
Centro de Especialidades de Salud Integral - IPS,hospital,-25.2682436,-57.5830958,"PCJ8+PQ2, Santisimo Sacramento, Asunción 001531, Paraguay",(021) 219 7293,4.2,17
Clinica San Nicolás,hospital,-25.3194181,-57.5772251,"Incas 3467, Asunción 001426, Paraguay",0984 102582,4.9,36
Clínica Portas del Escudo,hospital,-25.2691146,-57.5978933,"354, Asunción 001203, Paraguay",0971 998699,4.6,12
Sanatorio San Roque,hospital,-25.2889746,-57.6207977,"Eligio Ayala 1383, Asunción 001218, Paraguay",(021) 248 9000,3.6,123
Periférica Nanawa Clinic,hospital,-25.2580603,-57.5856599,"casi Cañadón Chaqueño, PCR7+RQV, Artigas, Asunción 001532, Paraguay",(021) 291 989,3.8,85
Centro Médico Bautista,hospital,-25.2993976,-57.578588,"Avda. República Argentina y, Campos Cervera 635, Asunción 001416, Paraguay",(021) 688 9000,4.1,361
Asuncion Dental Clinic,hospital,-25.29567,-57.592412,"Pacheco, Av. Choferes Del Chaco 775, Asunción 1412, Paraguay",0984 536880,4.8,38
Wellness Clinic,hospital,-25.2769671,-57.56534619999999,"Avda. Molas Lopez 687 Entre Dr. Geronimo Zubizarreta y Prof, Dr. Cirilo Caceres Zorrilla, Asunción 001527, Paraguay",0981 205060,3.4,5
"Policlínico Municipal de Asunción, ASUNCION",hospital,-25.296337,-57.6202668,"P93H+FV9, Asunción 001224, Paraguay",(021) 225 982,4.1,38
Clinica Elgue,hospital,-25.2825577,-57.590213,"Sta. Rosa 944, Asunción 001535, Paraguay",0971 999888,4.8,76
"SANATORIO ESPAÑOL, ASUNCION",hospital,-25.2873487,-57.66141220000001,"Gobernador Domingo M.De Irala y, Asunción 001005, Paraguay",(021) 420 888,4,60
Sanatorium San Martin,hospital,-25.3202588,-57.5933804,"Av. República Argentina, Encarnación 001423, Paraguay",(021) 569 4500,3.6,120
Sanatorio Adventista de Asunción,hospital,-25.2943914,-57.6248879,"Silvio Pettirossi 380 c, Asunción 001221, Paraguay",(021) 219 6000,3.9,248
Sanatorio San Lucas,hospital,-25.3080018,-57.59902330000001,"Av. Eusebio Ayala, Asunción 001231, Paraguay",(021) 729 1600,3.7,96
Sanatorium San Sebastián,hospital,-25.3040796,-57.5402815,"MFW5+9V8, Guyra Campana, Fernando de la Mora 110302, Paraguay",(021) 675 591,3.7,138
Sanatorio AMSA,hospital,-25.2952105,-57.6265962,"Tte. Fariña &, Capitán Figari, Asunción 1221, Paraguay",(021) 235 2000,3.2,197
Hospital Las Lomas,hospital,-25.2906916,-57.6236026,"Azara 1209, Asunción 1209, Paraguay",(021) 494 931,4.4,108
Hospital Las Lomas del Británico.,hospital,-25.2906836,-57.62435439999999,"Azara 1249 esq, Asunción 001220, Paraguay",(021) 379 8000,3.2,82
CENTRO DE ESPECIALIDADES MÉDICAS,hospital,-25.286275,-57.623116,"Brasil 165, Asunción 001218, Paraguay",,3.8,12
Centro Medico Oncologico Nuestra Señora de la Asuncion SA,hospital,-25.2947109,-57.6155915,"Cerro Corá 2095 esquina, Asunción 001225, Paraguay",0982 220152,4.4,7
Centro Medico Asuncion,hospital,-25.2909679,-57.6220331,"Pai Perez 478 esq, Asunción 001220, Paraguay",,0,0
Clínica CETRO S.A.,hospital,-25.2977562,-57.60895489999999,"33 Orientales esq, Asunción 001227, Paraguay",(021) 225 305,4.3,21
Oxades - Centro de Diagnósticos Suc. Sanatorio Medicis,hospital,-25.314342,-57.63026199999999,"Av. José Felix Bogado 1917, Asunción 1107, Paraguay",0981 446439,4.3,6
La Costa Lynch,hospital,-25.309431,-57.55404710000001,"MCRW+59W, Victor Heyn, Asunción 001418, Paraguay",(021) 658 3000,3.5,236
Cirujano Vascular Y Flebologo Especialista En Varices- Dr.Canata Paraguay,hospital,-25.2998567,-57.60841619999999,"Av. Gral. Bernardino Caballero 729, Asunción 1849, Paraguay",(021) 214 191,3.3,4
"LifeCenter, Centro Médico",hospital,-25.2908713,-57.6223669,"Cerro Corá 1363, Asunción 001220, Paraguay",0974 456601,5,8
Villa Morra Migone clinic,hospital,-25.2973442,-57.57283330000001,"Ulrico Schmidel esq, Asunción 001416, Paraguay",(021) 218 2000,3.7,186
Meds Clínica - Centro Urológico,hospital,-25.2913713,-57.62229259999999,"Pai Perez 532, Asunción 0000, Paraguay",0981 487979,4.3,30
Medical Centre for Women,hospital,-25.2946079,-57.6142322,"25 de Mayo esquina, Asunción 001226, Paraguay",(021) 200 573,5,10
Centro de Diagnosis Clínica,hospital,-25.284941,-57.60610409999999,"Ayala Velazquez, Asunción 001204, Paraguay",0985 478793,5,5
Centro Médico Alba,hospital,-25.2913916,-57.6203668,"Av. Perú 421, Asunción 001224, Paraguay",(021) 200 263,4.7,3
Centro Medico San Agustin,hospital,-25.2430496,-57.5472023,"QF43+Q4M, Asunción 001507, Paraguay",(021) 293 734,4.8,5
Centro Médico San Cristóbal,hospital,-25.2998456,-57.56095309999999,"Del Maestro, Asunción 001406, Paraguay",(021) 617 9000,4.2,54
Colegio Internacional,school,-25.2895378,-57.6157098,"P96M+5PM, Rio De Janeiro, Asunción 001209, Paraguay",(021) 200 675,0,0
Colegio de la Asunción,school,-25.3180198,-57.53225279999999,"MFJ9+Q3X, Fernando de la Mora 110310, Paraguay",(021) 680 913,4.7,124
Colegio Privado San Ramón,school,-25.268048,-57.6017782,"Villarrica 229 entre 8 de Junio y, Av. Gral. José Gervasio Artigas, Asunción 001202, Paraguay",0981 461171,5,1
The American School of Asuncion,school,-25.2845278,-57.5802543,"Augusto Roa Bastos Esquina, Asunción 1760, Paraguay",(021) 236 4000,0,0
Colegio Privado del Sol,school,-25.3045079,-57.5630237,"MCWQ+G2P, Dr. Justo Prieto 260, Asunción 001417, Paraguay",(021) 512 617,0,0
Lumen School,school,-25.2626595,-57.5716484,"PCPH+W8Q, Congreso de Colombia, Asunción 001521, Paraguay",(021) 283 483,0,0
Colegio Las Teresas,school,-25.2877471,-57.6217656,"P96H+W75, Av. Mariscal López, Asunción 001218, Paraguay",,4.3,23
Colegio Aula Viva,school,-25.2759414,-57.5857484,"Santisimo Sacramento 1345, Asunción 001534, Paraguay",0982 429050,0,0
Colegio Las Almenas,school,-25.2961945,-57.58721929999999,"001412, Manuel del Castillo 682, Asunción 001412, Paraguay",(021) 604 055,0,0
Colegio Goethe,school,-25.2834081,-57.5561818,"esquina, Cnel. Alejo Silva & Tte. 1º Carlos Rocholl, Asunción 001402, Paraguay",(021) 662 546,0,0
Colegio Privado N° 5350 Sol de América,school,-25.2974015,-57.6382698,"Avenida Francisco Acuña De Figueroa &, P936+2MQ, México, Asunción 001105, Paraguay",(021) 390 100,0,0
"Colegio Privado Subvencionado ""Asunción""",school,-25.3073257,-57.6407975,"25 De Agosto, Asunción 001106, Paraguay",(021) 370 561,0,0
Divine Word College,school,-25.3122327,-57.60697469999999,"M9QV+462, Asunción 001234, Paraguay",(021) 551 446,4.6,75
Colegio Nuestra Señora del Rosario,school,-25.2970378,-57.60723230000001,"P93V+54J, Asunción 001228, Paraguay",,0,0
Deutsche Schule Concordia,school,-25.2722381,-57.5879596,"Prof. César Samaniego casi, Asunción 001534, Paraguay",(021) 291 370,0,0
Santa Elena School,school,-25.2937685,-57.57530130000001,"Del Maestro 1683, Asunción 001408, Paraguay",(021) 600 961,0,0
"Colegio Nacional ""Nuestra Señora De La Asuncion""",school,-25.2806485,-57.5940519,"Av. Venezuela 1039, Asunción 001535, Paraguay",(021) 292 175,0,0
Colegio Privado San Nicolás,school,-25.2911636,-57.6202525,"y, Avda. Perú &, P95H+GVQ, 25 de Mayo, Asunción 001224, Paraguay",(021) 203 591,0,0
Colegio Campoalto,school,-25.300194,-57.587836,"Las Perlas 4686, Asunción 001412, Paraguay",(021) 608 587,0,0
Centro Educativo Parroquial San Agustín,school,-25.2441458,-57.5462374,"QF43+8GR, RutaTranschaco, Asunción 001509, Paraguay",(021) 299 479,4.3,16
The CCPA School,school,-25.2699279,-57.56220689999999,"Vicente Flores, Asunción 001525, Paraguay",(021) 615 160,0,0
Albert Einstein School,school,-25.3001627,-57.56167730000001,"Olegario Víctor Andrade, Asunción 001407, Paraguay",(021) 613 781,4.1,22
Villa Morra Baptist School,school,-25.3002799,-57.57928849999999,"Av. República Argentina 691, Asunción 001416, Paraguay",(021) 600 020,0,0
Colegio Japonés-Paraguayo,school,-25.304371,-57.5915267,"MCW5+795, Asunción 001421, Paraguay",(021) 601 150,0,0
Paraguay - Brasil Experimental School,school,-25.2836641,-57.66298229999999,"Cmte. Gamarra y Gobernador Irala, P88P+GRJ, Juan De Garay, Asunción 001002, Paraguay",(021) 423 320,0,0
Educational Center Los Laureles CEL,school,-25.3074961,-57.5771902,"Antonio Taboada 5820, Asunción 001415, Paraguay",(021) 611 911,0,0
Educational Center San Ignacio de Loyola,school,-25.267025,-57.5918332,"Av. Venezuela esq, Asunción 001534, Paraguay",0972 295870,0,0
Alpha College Paraguay,school,-25.3247186,-57.623999,"Av Gral Máximo Santos, Asunción 001310, Paraguay",0974 854386,4.1,133
St. Anne's School / Colegio Santa Anna,school,-25.259923,-57.5548595,"PCRW+23J, Manuel P Gonzalez, Asunción 001522, Paraguay",(021) 295 649,0,0
School Rep. Federal Republic of Germany,school,-25.2786826,-57.5635843,"Prof. Manuel Riquelme y, Asunción 001527, Paraguay",(021) 660 121,0,0
Trinity School,school,-25.2835273,-57.53871439999999,"Trinity School, Trinity School, Tuyutí, Luque 110938, Paraguay",0975 674838,0,0
Colegio Teresiano,school,-25.2874535,-57.6219781,"casi, Av. Mariscal López &, P97H+68C, Constitucion, Asunción 001218, Paraguay",(021) 224 683,0,0
Asunción Christian Academy,school,-25.2787466,-57.58664100000001,"Santisimo Sacramento 1181, Asunción 001534, Paraguay",(021) 338 1009,4.4,25
Colegio Técnico Nacional de Asunción,school,-25.300953,-57.57130900000001,"R.I. 3 Corrales c/ Dr. Hassler, Campos Cervera, Asunción 001416, Paraguay",(021) 608 663,4.7,338
Escuela Nacional de Comercio N°1 Alfonso B. Campos,school,-25.2929227,-57.64203879999999,"Sicilia 249 &, Chile y, Asunción 001102, Paraguay",0971 759988,4.6,77
Escuela La Amistad,school,-25.2427821,-57.5811803,"QC49+7F2, Epopeya Nacional, Asunción 001511, Paraguay",(021) 297 149,4.7,21
Colegio Nacional E.M.D. Asuncion Escalada,school,-25.2831012,-57.63209669999999,"P989+Q52, Asunción 001101, Paraguay",(021) 447 909,0,0
Colegio Técnico Cerro Corá,school,-25.2573843,-57.58253329999999,"PCV8+2XW, Avenida, Asunción 001519, Paraguay",(021) 282 170,4.4,25
Technical College Javier,school,-25.2650988,-57.5815206,"Itapua 148, Asunción 001531, Paraguay",(021) 296 187,0,0
School Sacred Hearts of Jesus and Mary,school,-25.2757711,-57.56028359999999,"Asunción 001526, Paraguay",(021) 601 710,0,0
"""Doña Francisca Eloisa Duarte"" Primary School N°962",school,-25.2636322,-57.56545120000001,"PCPM+GRV, Asunción 001521, Paraguay",(021) 291 399,0,0
Centro Educativo La Asunción de María,school,-25.1709708,-57.48009750000001,"Gral. Elizardo Aquino esquina, Limpio 110816, Paraguay",(021) 781 015,0,0
Nursery and Kindergarten The Cariñositos,school,-25.292215,-57.565349,"Eusebio Lillo Robles 2348, Asunción 1820, Paraguay",(021) 605 118,4.4,14
GUARDERÍA BILINGÜE - ESPACIO DE DESARROLLO INFANTIL LAS MERCEDES,school,-25.2869391,-57.6156218,"PADRE JUAN PUCHEU # 452 ENTRE, Av. España Y, Asunción 001209, Paraguay",0991 205284,5,11
Spiele und Co,school,-25.2777402,-57.5481949,"Cap. Leonardo Britos 3390, Asunción 001401, Paraguay",0984 700815,4.9,8
Bosque Encantado,school,-25.3023481,-57.6052647,"Herminio Giménez 3415 casi, Asunción 1604, Paraguay",0981 357888,5,12
Guardería Enjoy - Barrio Herrera,school,-25.2933589,-57.5538888,"Gral. Rogelio Benitez 1279, Asunción 001406, Paraguay",0983 042327,4.7,24
El Castillo de los Niños Children's School- Asuncion,school,-25.2917656,-57.6613782,"Avda. Mayor José Jesús de Martinez, Juan De Garay 1790 esq, Asunción 001006, Paraguay",0982 565293,4.8,8
Jardín Infantil. Rinconcito de Luz. Villa Morra. Guardería,school,-25.2964712,-57.58255559999999,"PC38+CX8, San Roque Gonzalez de Santacruz, Asunción 001412, Paraguay",0991 682516,5,3
Guardería MONIGOTE,school,-25.2894702,-57.5572907,"PC6V+638, Bruselas, Asunción 001410, Paraguay",(021) 602 740,4.6,9
You & Me Preschool,school,-25.2868337,-57.5744121,"Austria 1410, Asunción 001411, Paraguay",0971 533700,5,5
"Taller Creativo Kinderland - Jardín de Niños, Guardería.",school,-25.2811894,-57.5590051,"Grabadores del Kabichu'i 2873, Asunción 001401, Paraguay",0971 577600,5,9
Creciendo Taller Infantil,school,-25.277856,-57.5734983,"San Rafael 1051 casi, Asunción 001528, Paraguay",0981 776566,4.2,5
Jardin de infantes Patio Abierto,school,-25.2834963,-57.5966633,"PC83+J84, Asunción 001207, Paraguay",0981 951100,5,4
EDI ~ La Casa dei Bambini ~ Guardería,school,-25.3137488,-57.5977269,"Av. Médicos del Chaco 2531, Asunción 001422, Paraguay",0992 206268,5,3
Centro Infantil Pequeño Mundo,school,-25.288617,-57.5842023,"Cassianof 456 entre del Maestro y Bertoni, Asunción 001411, Paraguay",,5,4
KBA Amanecer,school,-25.2716511,-57.5641425,"Fuerte Borbón, Asunción 001526, Paraguay",0981 120058,4.4,7
"Guardería ""Tía Chachy""",school,-25.2906463,-57.6210533,"P95H+PHW, Asunción 001218, Paraguay",0991 997592,5,1
TEIJ,school,-25.2570875,-57.57459849999999,"PCVG+556, Juana Pabla Carrillo de López, Asunción 001519, Paraguay",0981 292124,4.7,19
ESPACIO DE DESARROLLO INFANTIL N⁰: 8344 - TEDDY BEAR,school,-25.3017438,-57.6125491,"Acá Vera 1022 c, Asunción 001227, Paraguay",0982 937849,5,7
La Casita de Nuna,school,-25.334033,-57.58823299999999,"Sanapaná, Asunción 001432, Paraguay",(021) 559 781,5,3
Small Seeds Preschool,school,-25.2986676,-57.6027797,"Comandante Franco, Asunción 001229, Paraguay",0985 328785,5,3
Kindergarten Maria Montessori,school,-25.2821446,-57.57283,"Sta. Ana 750, Asunción 001529, Paraguay",(021) 603 246,4.8,24
KINDERCLUB DTA,school,-25.28262,-57.6079877,"Avda. Gral. Santos 984 entre Siria y, Concordia, Asunción 0166, Paraguay",0981 180213,5,7
"KINDER PLAY Babycare, Kinder and Kindergarten",school,-25.2954263,-57.583058,"Tte. Zotti 352 casi, Asunción 001412, Paraguay",0982 611123,5,6
Montessori Children’s Home,school,-25.3010198,-57.56917840000001,"Asunción 001416, Paraguay",0982 805095,5,9
CDI COLEGIO,school,-25.2664792,-57.6015969,"Asunción 001202, Paraguay",,4.9,50
Maria's Preschool,school,-25.2975246,-57.5695607,"Guido Spano 2314, Asunción 001408, Paraguay",(021) 604 096,4.3,11
JUMPING KINDERGARTEN,school,-25.3073888,-57.5738987,"MCVG+2CX, José De la Cruz Ayala, Asunción 001415, Paraguay",610258,5,6
Guarderia KBA Carmelitas,school,-25.2800964,-57.56333489999999,"Herib Campos Cervera 1170, Asunción 001527, Paraguay",0981 120058,4.8,6
Area Kids,school,-25.282566,-57.58719749999999,"PC87+X4F, Santisimo Sacramento, Asunción 001530, Paraguay",0981 336672,4.6,470
Spain house Paraguay,school,-25.2558067,-57.5763255,"Juana Pabla Carrillo de López, Asunción 001519, Paraguay",(021) 290 030,4.1,475
Colegio Santa María,school,-25.2662579,-57.4857946,"PGM7+FMW, Luque 110921, Paraguay",,4.2,25
Colegio Santa María del Monte Carmelo,school,-25.2894848,-57.6570759,"P86V+653, Juan Diaz De Solis, Asunción 001008, Paraguay",(021) 480 101,0,0
Espacios de Ser,school,-25.287835,-57.5709101,"Viena Entre, Bruselas y, Asunción 1031, Paraguay",0971 172726,4.9,33
Colegio María Auxiliadora,school,-25.2885855,-57.63069489999999,"P969+HP7, Asunción 001219, Paraguay",(021) 447 895,0,0
St. Mary’s School,school,18.3747512,-66.0531537,"Calle San Javier, San Juan, 00926, Puerto Rico",(787) 755-3122,0,0
Paraguay American School,school,-25.2838314,-57.5786116,"Paraguay American School, Colegio Americano, Av. España 1175, Asunción 001411, Paraguay",,0,0
Colegio Dante Alighieri,school,-25.2851211,-57.638195,"Eduardo Victor Haedo 399, Asunción 001101, Paraguay",(021) 498 553,0,0
San Jose Catholic College,school,-25.2862971,-57.61919879999999,"Av. España y, Asunción 001218, Paraguay",(021) 226 641,0,0
Santa Clara Catholic College,school,-25.2922154,-57.5849412,"Av. Mariscal López 3150, Asunción 001412, Paraguay",(021) 600 536,0,0
Paseo La Galería,shopping_mall,-25.2843592,-57.56344719999999,"Av. Sta. Teresa 1827, Asunción 001410, Paraguay",(021) 659 4000,4.7,30735
delSol,shopping_mall,-25.2828559,-57.56667429999999,"Av. Aviadores del Chaco, Asunción 001529, Paraguay",(021) 611 780,4.6,27593
Shopping Mariscal,shopping_mall,-25.2950817,-57.5811803,"Quesada 5050, Asunción 1411, Paraguay",(021) 611 272,4.6,24485
Shopping Villa Morra,shopping_mall,-25.2942796,-57.5805923,"Av. Mariscal López 3974 y, Asunción 001411, Paraguay",(021) 603 050,4.4,14295
Shopping Multiplaza,shopping_mall,-25.3165308,-57.5714466,"Av. Eusebio Ayala 4501, Asunción 001419, Paraguay",(021) 511 005,4.3,23983
Mall Excelsior,shopping_mall,-25.2877297,-57.6388257,"Chile 993, Asunción 001101, Paraguay",,4.1,8487
Asunción Super Centro,shopping_mall,-25.2822232,-57.6383446,"15 De Agosto, Asunción 001013, Paraguay",(021) 493 333,3.9,8449
OUTLET PREMIUM,shopping_mall,-25.2887906,-57.5757877,"Eusebio Lillo Robles 1418, Asunción 001411, Paraguay",0981 823674,4.8,141
Paseo Carmelitas,shopping_mall,-25.2857475,-57.57729339999999,"Av. España 1272, Asunción 001411, Paraguay",(021) 608 226,4.5,8176
Paseo Via Allegra,shopping_mall,-25.286784,-57.5764952,"Senador Huey Pierce Long &, Teniente Héctor Vera, Asunción 001411, Paraguay",(021) 600 077,4.6,366
LA CABRERA,shopping_mall,-25.2835356,-57.56763220000001,"Av. Aviadores del Chaco 1816, Asunción 001529, Paraguay",0984 739437,4.6,937
Paseo miraflores,shopping_mall,-25.2746921,-57.56717379999999,"Paseo Miraflores, Julio Correa 143, Asunción 001520, Paraguay",(021) 613 914,4.2,182
Nike - Shopping del Sol,shopping_mall,-25.282831,-57.566514,"Av. Aviadores del Chaco, Asunción 001529, Paraguay",,4.5,199
Plaza Hogar - Stma. Trinidad,shopping_mall,-25.2691927,-57.5638532,"Ave Santisima Trinidad casi, Asunción 001521, Paraguay",(021) 281 783,4.6,370
Delimarket,shopping_mall,-25.2821058,-57.5675396,"Av. Aviadores del Chaco, Asunción 001529, Paraguay",0983 500300,4.6,4540
Nueva Americana Shopping Del Sol,shopping_mall,-25.2826013,-57.5667682,"Asunción 001529, Paraguay",(021) 412 8000,4.3,267
Plaza Nova,shopping_mall,-25.2658268,-57.5759711,"Avenida Doctor Felipe Molas López, PCMF+MJ6, &, Asunción 001520, Paraguay",0986 157118,4.2,26
Unicentro - Centro,shopping_mall,-25.2806139,-57.637736,"Palma esq, Asunción 001013, Paraguay",(021) 411 7000,4.3,4739
Feria Asunción,shopping_mall,-25.287837,-57.573183,"Av. Gral. José de San Martín 893, Asunción 001411, Paraguay",0971 300200,4.4,9041
La Gran Manzana - Paseo Comercial,shopping_mall,-25.2950993,-57.5788002,"Av. Mariscal López 3794, Asunción 001412, Paraguay",0985 942520,4.1,2680
Paseo Die Ecke,shopping_mall,-25.2830535,-57.55751979999999,"Denis Roa esq, Asunción 001401, Paraguay",0981 998040,4.7,206
Plaza Moiety,shopping_mall,-25.2776675,-57.5542075,"Av. Aviadores del Chaco 3215, Asunción 001524, Paraguay",0976 533931,4.5,1342
La Rural Shopping,shopping_mall,-25.2331802,-57.537408,"QF87+P2G, Carlos Antonio López, Asunción 111020, Paraguay",(021) 760 832,4.1,4397
Paseo Los Árboles,shopping_mall,-25.2919782,-57.57400209999999,"PC5G+F2X, Av. Gral. José de San Martín, Asunción 001408, Paraguay",0983 155511,4.5,430
Plaza Hogar - San Martin,shopping_mall,-25.290966,-57.5746136,"Av. Gral. José de San Martín 578 esq, Asunción 001411, Paraguay",(021) 614 860,4.5,2922
Marketplace,shopping_mall,-25.286192,-57.590185,"PC75+HV4, Av. España 2621, Asunción 001534, Paraguay",0981 203891,4.5,2435
Gisele Stephanie,shopping_mall,-25.294068,-57.580721,"Estacionamiento Shopping, Asunción 001412, Paraguay",0981 697908,4.4,376
Shopping El Portal,shopping_mall,-25.2382994,-57.5421327,"QF65+M4Q, Carlos Antonio López, Asunción 001507, Paraguay",,4,4356
Shopping Mariano,shopping_mall,-25.2263103,-57.5346695,"Defensores del Chaco, Mariano Roque Alonso 111018, Paraguay",(021) 762 001,4.4,14120
Galería Bonanza,shopping_mall,-25.2997902,-57.6234182,"Av. Dr. José Gaspar Rodriguez de Francia, Asunción 001223, Paraguay",,4.3,5797
Mundo Cartoon Network,shopping_mall,-25.2847299,-57.5635388,"Av. Sta. Teresa 1827, Asunción 001410, Paraguay",(021) 659 4000,4.4,121
Paseo La Peregrina,shopping_mall,-25.2840389,-57.5808263,"PC89+9MM, Cabo Primero Feliciano Marecos, Asunción 001530, Paraguay",0981 000001,4.3,296
National University of Asuncion,university,-25.3357603,-57.51973979999999,"Campus Universitario, San Lorenzo 111421, Paraguay",(021) 585 540,4.6,2216
Autonomous University of Asuncion,university,-25.2873398,-57.6431273,"Jejuí 667, Asunción 001013, Paraguay",(021) 495 873,4.5,549
"Universidad Católica ""Nuestra Señora de la Asunción"" Sede Central",university,-25.2807615,-57.63200129999999,"Cordillera de Amambay casi, Asunción 001101, Paraguay",(021) 318 4000,3.9,283
Universidad Central del Paraguay,university,-25.2771806,-57.5994016,"Brasilia N° 1.158 e/ Tte. 2° Benigno Villamayor c/ Insaurralde, Asunción 001206, Paraguay",0993 456000,4.6,46
Universidad Americana,university,-25.278563,-57.59946600000001,"Av. Brasilia 1100, Asunción 1429, Paraguay",(021) 729 4900,4.2,863
Pacific Private University,university,-25.2867981,-57.5725747,"O'Higgins esquina, Asunción 1111, Paraguay",(021) 615 490,4.5,396
University of the Integration of the Americas,university,-25.274873,-57.59412,"Av. Venezuela 1353 casi, Asunción 001206, Paraguay",(021) 288 9000,4.3,400
Universidad Autónoma del Paraguay,university,-25.2805458,-57.64304909999999,"Colón 658 e/ Gral. Diaz y Eduardo Víctor Haedo, Asunción 001010, Paraguay",(021) 447 579,4.4,183
Faculty of Law and Social Sciences of the National University of Asuncion,university,-25.2628982,-57.5702407,"PCPH+RWR, Congreso de Colombia, Asunción 001521, Paraguay",(021) 288 5000,4.6,615
Columbia University of Paraguay,university,-25.2859002,-57.6297954,"25 de Mayo, Asunción 001101, Paraguay",(021) 490 811,4.5,174
Universidad San Ignacio de Loyola - Paraguay,university,-25.2648633,-57.59362709999999,"Av. Venezuela 2087, Asunción 001533, Paraguay",(021) 282 801,4.6,63
Universidad Metropolitana de Asunción,university,-25.2900011,-57.6049789,"Rca. Dominicana 387, Asunción 001208, Paraguay",(021) 201 939,4.6,149
UCSA - Campus Universitario,university,-25.2820808,-57.5927993,"Centro Educativo San Agustín, Sgto. José León Gauto, Asunción 001535, Paraguay",(021) 221 106,4.3,268
Universidad Maria Auxiliadora,university,-25.2370319,-57.53787029999999,"QF76+5VJ, Asunción 001506, Paraguay",(021) 296 900,4.5,341
UNADES,university,-25.2930134,-57.6444972,"14 De Mayo 462, Asunción 001015, Paraguay",(021) 371 371,4.6,151
UNASUR,university,-25.2913577,-57.62128459999999,"Cerro Corá 1483, Asunción 001220, Paraguay",(021) 232 750,4.3,258
Universidad Católica Nuestra Señora de la Asunción,university,-25.3244841,-57.636523,"M9G7+695, Tte. Lidio Cantalupi, Asunción 001303, Paraguay",(021) 318 4000,4.3,503
Columbia University of Paraguay,university,-25.2863006,-57.61175530000001,"Av. España 1239, Asunción 001209, Paraguay",(021) 219 8000,4.5,297
UPAP Headquarters,university,-25.2923417,-57.6137796,"Rio De Janeiro 1251, Asunción 001209, Paraguay",(021) 237 7400,4.2,198
Universidad del Chaco (UNICHACO) based Asuncion,university,-25.2913137,-57.6272771,"P95F+F3H, Asunción 001220, Paraguay",(021) 229 040,4,28
Rectorado UNA,university,-25.3338423,-57.518288,"San Lorenzo 111421, Paraguay",(021) 585 540,4.2,761
Universidad San Lorenzo,university,-25.3422251,-57.5106887,"Dir.: España 330 c/ San Lorenzo y Cnel. Bogado España N° 412, San Lorenzo 2160, San Lorenzo 111422, Paraguay",(021) 235 8000,4.2,371
Facultad Politecnica UNA,university,-25.3369561,-57.522052,"Acceso peatonal de Mcal. Estigarribia a la UNA, San Lorenzo 111421, Paraguay",(021) 588 7000,4.7,598
Faculty of Agricultural Sciences,university,-25.3359094,-57.51459989999999,"MF7P+J5J, San Lorenzo 111421, Paraguay",(021) 585 606,4.7,257
FCE,university,-25.338986,-57.5216085,"Km 11 UNA Campus, Ruta Mariscal José Felix Estigarribia, San Lorenzo 111421, Paraguay",(021) 729 2001,4.6,513
Convention Center of the National University of Asunción,university,-25.3349867,-57.51875929999999,"MF8J+2F5 Rectorado UNA, San Lorenzo 111421, Paraguay",,4.4,503
Facultad de Ciencias Químicas UNA,university,-25.3345423,-57.51999370000001,"MF8H+6VJ, San Lorenzo 111421, Paraguay",(021) 729 0030,4.3,97
Faculty of Engineering National University of Asunción,university,-25.3315881,-57.5170555,"San Lorenzo 111421, Paraguay",(021) 729 0010,4.5,470
"Columbia University of Paraguay, San Lorenzo Headquarters",university,-25.3432162,-57.5105482,"Av. Defensores del Chaco, San Lorenzo 111422, Paraguay",(021) 219 8900,4.5,73
Farmacia Catedral Suc. Sacramento,pharmacy,-25.2707271,-57.5841317,"Asunción 001532, Paraguay",(021) 627 7203,4.2,53
Catedral Drugstore,pharmacy,-25.2856304,-57.57395760000001,"Sta. Ana 1473, Asunción 001529, Paraguay",(021) 627 7000,4.4,214
Punto Farma Drugstore,pharmacy,-25.2720469,-57.5650305,"Domingo Portillo y, Asunción 001526, Paraguay",(021) 616 1000,4.2,109
Farmacia Catedral Suc. Artigas,pharmacy,-25.2576875,-57.58618749999999,"Asunción 001517, Paraguay",0981 668393,4.7,11
Farmacia Vicente Scavone - Suc. España,pharmacy,-25.2862596,-57.58411799999999,"Av. España, Asunción 001411, Paraguay",(021) 418 5000,4.3,94
Farmacenter Carmelitas,pharmacy,-25.2800645,-57.5709471,"Av. Gral. José de San Martín esq, Asunción 1527, Paraguay",(021) 262 6000,4.3,56
Farmacenter Hiper España,pharmacy,-25.2883586,-57.60544969999999,"Av. España y, Asunción 1208, Paraguay",(021) 262 6000,4.1,57
Farmacenter Aviadores 1,pharmacy,-25.2777575,-57.55298009999999,"Av. Aviadores del Chaco 3308 esq, Asunción 1401, Paraguay",(021) 262 6000,4.3,45
Farmacenter,pharmacy,-25.2624159,-57.56043589999999,"Av. Primer Presidente casi, Asunción 001521, Paraguay",(021) 262 6000,3.9,16
Punto Farma 5,pharmacy,-25.2914093,-57.59672210000001,"Av. Mariscal López Y, Asunción 001412, Paraguay",(061) 61000,4.5,64
Farmacenter Mcal. Lopez 1,pharmacy,-25.2938838,-57.57997469999999,"PC4C+C2V, Av. Mariscal López 3683 casi, Asunción 1411, Paraguay",(021) 262 6000,3.9,35
Farmacenter Sacramento,pharmacy,-25.2816437,-57.58701879999999,"Santisimo Sacramento y, Asunción 1530, Paraguay",(021) 262 6000,4,12
Punto Farma,pharmacy,-25.2410771,-57.542754,"Tomas Lombardo y, Asunción 001506, Paraguay",(021) 616 1000,4.4,66
Farmacenter Venezuela,pharmacy,-25.2820806,-57.59458730000001,"Venezuela 911 casi, Asunción 1206, Paraguay",(021) 262 6000,4.4,34
Farmacia Catedral Suc. Centro,pharmacy,-25.2826077,-57.63386269999999,"Palma, Asunción 001101, Paraguay",(021) 627 7208,4.2,73
Farmacenter Mcal. Lopez 4,pharmacy,-25.3013653,-57.5638914,"Av. Mariscal López Esq, Asunción 1407, Paraguay",(021) 262 6000,3.9,30
Farmacia Catedral General Santos Teodoro S. Mongelos,pharmacy,-25.3005949,-57.6134351,"Avda. Gral Santos, Teodoro S. Mongelós esq, Asunción 001226, Paraguay",(021) 627 7221,4.4,21
Farmacenter Loma Pyta,pharmacy,-25.2411966,-57.5431423,"Ruta Transchaco e, Sgto. 1ro. Tomas Lombardo, Asunción 1508, Paraguay",(021) 262 6000,4.3,76
Farmacenter Central,pharmacy,-25.2812801,-57.6375641,"Estrella 526 entre, 14 De Mayo y, Asunción 1014, Paraguay",(021) 262 6000,4.1,44
Farmacenter Sajonia,pharmacy,-25.2888115,-57.6534549,"Avda. Carlos A. López 933, entre Dr.Paiva y, Asunción 1008, Paraguay",(021) 262 6000,4.3,76
Farmacias Catedral Suc. Migone 2,pharmacy,-25.2886562,-57.6216194,"Asunción 001218, Paraguay",0981 785231,4.4,16
Farmacia Catedral Suc. Don Bosco,pharmacy,-25.2790301,-57.644654,"Gral. Díaz esq, Asunción 001011, Paraguay",0981 784827,4.8,20
Farmacia El Pueblo,pharmacy,-25.3012475,-57.6128391,"Asunción 001227, Paraguay",0986 320810,4.7,11
IPS-Geriatric Hospital Gerardo Buongermini,pharmacy,-25.2576646,-57.5847259,"PCR8+W4J, Asunción 001532, Paraguay",(021) 291 987,4.5,112
Farmacias Catedral Suc. Ñemby,pharmacy,-25.3967689,-57.54579640000001,"Ñemby 2299, Paraguay",0981 783861,5,5
MI FARMACIA Y PERF. LOYOLA FALCÓN 🇦🇷🇵🇾,pharmacy,-25.2659953,-57.7269581,"Puente Ignacio Loyola, RN11, Clorinda, Formosa, Argentina",03718 65-1530,4.8,8
FARMACIA DEL FRENTE,pharmacy,-25.5155482,-57.3648328,"Enrique Doldanibieta, Itá 110504, Paraguay",,5,4
Vicente Scavone,pharmacy,-25.2748312,-57.6086285,"ParaguayAvda. Artigas y Entre Rios, Vía Férrea, Asunción 001203, Paraguay",(021) 221 321,4.1,14
Asismed,pharmacy,-25.2728379,-57.60734309999999,"Av. Gral. José Gervasio Artigas 1500, Asunción 1415, Paraguay",(021) 288 7795,4.6,16
IPS Emergency Clinic June 12,pharmacy,-25.3262958,-57.6249584,"M9FG+F2M, Av Gral M Santos, Asunción 001310, Paraguay",(021) 331 923,3.4,179
FARMACIA OVIEDO,pharmacy,-25.2893596,-57.7143617,"Italia 1301-1399, P3610DDO, P3610DDO Clorinda, Formosa, Argentina",,5,3
Farmalife,pharmacy,-26.1808205,-58.1683708,"Moreno 602, P3600 Formosa, Argentina",0379 423-4990,4.3,110
Farmacia Amada Sucursal Nº 1,pharmacy,-25.5089098,-54.6151795,"F9RM+CWP, Ciudad del Este 100134, Paraguay",(061) 503 416,3.9,9
